Date,Period,Opponent,Venue,Result,GF,GA,Blocks_Against,Blocks_For,Corsi%_Against,Corsi%_For,DZ_Shots_Against,DZ_Shots_For,ENtoS_Against,ENtoS_For,EXtoEN_Against,EXtoEN_For,GameScore_Against,GameScore_For,Giveaways_Against,Giveaways_For,HDC_Against,HDC_For,Hits_Against,Hits_For,Lateral_Move_Against,Lateral_Move_For,Longitudinal_Move_Against,Longitudinal_Move_For,NZ_Shots_Against,NZ_Shots_For,OZ_Shots_Against,OZ_Shots_For,Rush_Shots_Against,Rush_Shots_For,Shots_Against,Shots_For,Takeaways_Against,Takeaways_For,WinProb,xG_Against,xG_For
2025-10-01,Pre-Jan 1,BUF,Away,W,5,3,20.0,14.0,56.04,43.96,1.0,0.0,17.0,13.0,1.0,0.0,7.3,8.1,9.0,6.0,10.0,7.0,19.0,16.0,14.8,9.6,9.5,16.67,2.0,1.0,28.0,25.0,10.0,6.0,31.0,26.0,0.0,0.0,0.67,3.79,1.76
2025-10-03,Pre-Jan 1,BUF,Home,W,5,4,16.0,15.0,51.61,48.39,0.0,0.0,12.0,14.0,0.0,2.0,8.2,8.55,11.0,21.0,7.0,9.0,17.0,28.0,32.64,23.47,25.08,12.87,1.0,1.0,31.0,29.0,12.0,15.0,32.0,30.0,3.0,0.0,0.4,2.39,2.77
2025-10-07,Pre-Jan 1,NYR,Away,W,3,0,22.0,20.0,47.96,52.04,1.0,1.0,14.0,4.0,4.0,1.0,3.8,6.9,17.0,19.0,1.0,10.0,34.0,22.0,19.33,26.83,24.58,13.9,1.0,0.0,23.0,30.0,12.0,10.0,25.0,31.0,4.0,1.0,0.54,2.04,3.26
2025-10-09,Pre-Jan 1,NYI,Home,W,4,3,20.0,15.0,57.0,43.0,0.0,1.0,13.0,12.0,2.0,0.0,6.0,9.25,16.0,22.0,5.0,9.0,22.0,23.0,17.91,13.47,14.42,15.67,1.0,3.0,36.0,24.0,12.0,15.0,37.0,28.0,4.0,6.0,0.52,2.07,3.15
2025-10-11,Pre-Jan 1,NYR,Home,L,1,6,22.0,12.0,62.65,37.35,1.0,0.0,9.0,9.0,1.0,1.0,10.1,3.5,19.0,18.0,7.0,4.0,30.0,14.0,13.45,5.25,11.64,23.5,1.0,0.0,28.0,19.0,11.0,6.0,30.0,19.0,8.0,6.0,0.49,2.35,2.68
2025-10-14,Pre-Jan 1,ANA,Away,L,3,4,26.0,17.0,53.33,46.67,0.0,2.0,15.0,9.0,0.0,0.0,8.5,5.35,14.0,12.0,5.0,6.0,25.0,16.0,21.23,20.0,13.85,37.0,0.0,0.0,22.0,23.0,13.0,7.0,22.0,25.0,1.0,3.0,0.5,2.73,2.47
2025-10-16,Pre-Jan 1,LAK,Away,W,4,2,17.0,10.0,57.65,42.35,0.0,0.0,18.0,4.0,2.0,4.0,6.05,7.1,16.0,15.0,5.0,11.0,23.0,13.0,24.62,15.62,27.46,25.69,0.0,4.0,32.0,22.0,13.0,13.0,32.0,26.0,3.0,0.0,0.49,2.0,2.95
2025-10-18,Pre-Jan 1,SJS,Away,W,3,0,21.0,15.0,55.32,44.68,0.0,1.0,9.0,9.0,0.0,1.0,4.35,6.25,16.0,20.0,4.0,4.0,25.0,11.0,23.42,19.5,29.0,28.1,1.0,1.0,30.0,25.0,12.0,10.0,31.0,27.0,5.0,4.0,0.6,2.85,1.52
2025-10-21,Pre-Jan 1,VAN,Home,W,5,1,20.0,23.0,47.31,52.69,0.0,0.0,10.0,8.0,0.0,0.0,4.0,9.15,19.0,17.0,1.0,7.0,26.0,18.0,20.75,12.92,24.67,14.08,1.0,1.0,23.0,25.0,9.0,13.0,24.0,26.0,2.0,4.0,0.33,2.29,3.04
2025-10-23,Pre-Jan 1,FLA,Away,W,5,3,20.0,9.0,68.67,31.33,0.0,0.0,13.0,7.0,0.0,2.0,7.9,6.95,10.0,13.0,5.0,5.0,26.0,18.0,22.06,9.38,26.58,17.5,0.0,1.0,37.0,16.0,19.0,8.0,37.0,17.0,4.0,9.0,0.67,2.7,1.86
2025-10-25,Pre-Jan 1,CBJ,Home,L,4,5,17.0,18.0,54.46,45.54,0.0,1.0,16.0,10.0,0.0,3.0,12.05,10.4,8.0,20.0,9.0,9.0,24.0,18.0,16.16,21.18,43.1,59.19,2.0,0.0,42.0,32.0,20.0,16.0,44.0,33.0,8.0,3.0,0.33,2.29,2.94
2025-10-27,Pre-Jan 1,STL,Home,W,6,3,21.0,13.0,55.68,44.32,0.0,1.0,13.0,9.0,2.0,0.0,7.45,8.65,15.0,31.0,6.0,6.0,17.0,9.0,17.81,22.0,16.56,27.82,0.0,1.0,28.0,24.0,16.0,11.0,28.0,26.0,2.0,4.0,0.33,2.0,2.28
2025-10-28,Pre-Jan 1,PHI,Away,L,2,3,14.0,16.0,53.12,46.88,1.0,0.0,12.0,11.0,0.0,1.0,8.4,6.7,15.0,19.0,9.0,8.0,20.0,15.0,20.31,28.18,49.0,32.91,1.0,0.0,35.0,29.0,16.0,11.0,37.0,29.0,1.0,5.0,0.67,2.75,2.83
2025-10-30,Pre-Jan 1,MIN,Away,W,4,1,17.0,11.0,49.44,50.56,0.0,1.0,9.0,5.0,2.0,4.0,5.15,7.35,19.0,12.0,4.0,7.0,23.0,23.0,16.82,17.15,22.64,29.0,1.0,2.0,26.0,31.0,11.0,13.0,27.0,34.0,4.0,5.0,0.67,2.13,2.21
2025-11-01,Pre-Jan 1,WPG,Away,L,2,5,16.0,16.0,52.08,47.92,0.0,0.0,12.0,12.0,3.0,1.0,9.6,5.4,14.0,13.0,8.0,10.0,29.0,18.0,17.07,17.16,34.36,17.72,2.0,1.0,32.0,29.0,14.0,18.0,34.0,30.0,5.0,6.0,0.67,2.2,3.45
2025-11-03,Pre-Jan 1,TOR,Away,L,3,4,6.0,26.0,29.21,70.79,0.0,1.0,12.0,9.0,1.0,0.0,5.9,8.4,22.0,18.0,5.0,6.0,35.0,9.0,21.17,20.85,8.83,26.31,2.0,2.0,18.0,34.0,6.0,13.0,20.0,37.0,5.0,5.0,0.67,0.85,3.31
2025-11-06,Pre-Jan 1,WSH,Home,W,5,3,17.0,16.0,50.0,50.0,0.0,4.0,12.0,13.0,1.0,1.0,6.45,9.3,17.0,18.0,5.0,6.0,27.0,10.0,15.12,15.88,26.41,18.25,1.0,1.0,29.0,26.0,17.0,8.0,30.0,31.0,6.0,5.0,0.33,2.65,2.67
2025-11-08,Pre-Jan 1,NJD,Away,L,1,2,14.0,23.0,40.4,59.6,1.0,4.0,8.0,13.0,1.0,0.0,6.5,5.55,11.0,13.0,6.0,3.0,22.0,19.0,18.67,18.38,86.5,52.88,0.0,0.0,25.0,32.0,6.0,8.0,26.0,36.0,6.0,3.0,0.67,2.82,2.37
2025-11-09,Pre-Jan 1,LAK,Home,L,2,3,18.0,10.0,51.14,48.86,0.0,1.0,7.0,8.0,0.0,2.0,7.0,5.4,15.0,16.0,6.0,10.0,9.0,19.0,25.0,15.64,38.67,17.71,0.0,2.0,27.0,30.0,6.0,14.0,27.0,33.0,3.0,2.0,0.33,1.76,2.96
2025-11-14,Pre-Jan 1,NSH,Away,L,1,2,18.0,10.0,64.0,36.0,0.0,0.0,10.0,7.0,0.0,1.0,5.7,3.4,21.0,13.0,4.0,1.0,17.0,10.0,21.82,18.2,55.7,29.5,1.0,0.0,29.0,17.0,10.0,6.0,30.0,17.0,3.0,7.0,0.49,2.51,1.42
2025-11-16,Pre-Jan 1,NSH,Home,W,4,0,16.0,11.0,52.86,47.14,0.0,1.0,13.0,4.0,2.0,1.0,3.7,5.95,20.0,10.0,1.0,5.0,27.0,15.0,19.67,18.33,22.2,14.57,1.0,1.0,20.0,20.0,10.0,7.0,21.0,22.0,7.0,4.0,0.51,1.49,1.57
2025-11-21,Pre-Jan 1,MIN,Home,L,0,5,14.0,15.0,50.72,49.28,0.0,0.0,6.0,14.0,0.0,2.0,8.0,2.45,18.0,22.0,6.0,3.0,20.0,9.0,22.25,16.0,31.0,13.5,1.0,0.0,20.0,19.0,12.0,6.0,21.0,19.0,7.0,5.0,0.0,1.95,2.23
2025-11-22,Pre-Jan 1,SEA,Home,L,2,3,14.0,13.0,43.75,56.25,0.0,0.0,6.0,11.0,0.0,0.0,5.4,6.25,15.0,20.0,4.0,5.0,22.0,16.0,22.12,15.54,18.12,24.0,0.0,1.0,21.0,31.0,8.0,13.0,21.0,32.0,5.0,2.0,0.0,1.49,3.35
2025-11-26,Pre-Jan 1,BUF,Home,W,4,2,11.0,16.0,54.55,45.45,2.0,0.0,8.0,7.0,0.0,2.0,5.45,6.9,15.0,14.0,4.0,5.0,21.0,17.0,21.73,30.0,20.36,42.33,1.0,1.0,28.0,18.0,11.0,3.0,31.0,19.0,8.0,6.0,0.0,1.95,1.68
2025-11-28,Pre-Jan 1,CBJ,Away,W,4,3,22.0,15.0,56.67,43.33,0.0,1.0,14.0,14.0,1.0,2.0,7.0,7.15,19.0,13.0,10.0,5.0,16.0,18.0,19.07,24.38,17.67,35.12,0.0,1.0,29.0,22.0,15.0,8.0,29.0,24.0,3.0,5.0,0.0,3.31,2.23
2025-11-29,Pre-Jan 1,TOR,Home,L,2,7,13.0,28.0,36.36,63.64,0.0,0.0,6.0,13.0,1.0,2.0,9.95,6.9,19.0,11.0,10.0,4.0,19.0,16.0,19.0,23.08,14.88,33.58,1.0,0.0,22.0,35.0,8.0,12.0,23.0,35.0,6.0,2.0,0.0,1.75,3.76
2025-12-01,Pre-Jan 1,PHI,Away,W,5,1,13.0,14.0,50.6,49.4,0.0,1.0,16.0,10.0,0.0,3.0,5.15,7.8,20.0,15.0,3.0,10.0,27.0,18.0,25.75,20.19,25.78,27.06,2.0,0.0,27.0,26.0,9.0,17.0,29.0,27.0,2.0,7.0,0.0,1.69,2.62
2025-12-04,Pre-Jan 1,TBL,Away,W,4,3,15.0,4.0,61.11,38.89,0.0,1.0,13.0,11.0,1.0,0.0,8.15,6.9,20.0,13.0,11.0,5.0,13.0,21.0,19.12,21.33,19.12,43.67,1.0,2.0,39.0,28.0,17.0,9.0,40.0,31.0,5.0,4.0,0.0,3.65,1.61
2025-12-07,Pre-Jan 1,DAL,Away,L,2,3,20.0,21.0,45.92,54.08,0.0,1.0,8.0,13.0,1.0,2.0,6.3,6.45,23.0,13.0,6.0,5.0,17.0,26.0,24.67,19.4,49.83,49.7,0.0,1.0,25.0,30.0,12.0,20.0,25.0,32.0,5.0,5.0,0.0,2.2,2.66
2025-12-09,Pre-Jan 1,ANA,Home,L,3,4,14.0,18.0,39.29,60.71,1.0,0.0,11.0,18.0,0.0,0.0,6.9,9.7,17.0,19.0,5.0,13.0,24.0,11.0,30.08,20.03,41.17,37.54,0.0,0.0,29.0,50.0,12.0,28.0,30.0,50.0,7.0,9.0,0.0,1.88,4.77
2025-12-11,Pre-Jan 1,MTL,Home,L,2,4,20.0,27.0,42.98,57.02,0.0,2.0,11.0,24.0,1.0,2.0,7.5,7.55,12.0,14.0,5.0,10.0,12.0,25.0,17.44,17.0,20.9,27.94,2.0,0.0,27.0,36.0,10.0,16.0,29.0,38.0,1.0,9.0,0.0,2.28,4.2
2025-12-13,Pre-Jan 1,SJS,Home,L,5,6,23.0,18.0,46.96,53.04,0.0,2.0,16.0,13.0,0.0,4.0,10.05,10.4,18.0,9.0,8.0,6.0,17.0,14.0,19.31,20.13,25.85,35.2,1.0,1.0,30.0,40.0,13.0,15.0,31.0,43.0,6.0,4.0,0.0,2.39,2.86
2025-12-14,Pre-Jan 1,UTA,Home,L,4,5,0.0,8.0,0.0,100.0,0.0,0.0,0.0,7.0,0.0,0.0,1.4,5.4,0.0,15.0,0.0,5.0,0.0,18.0,0.0,26.4,0.0,52.5,0.0,1.0,0.0,15.0,0.0,4.0,0.0,16.0,0.0,4.0,0.0,0.0,1.28
2025-12-16,Pre-Jan 1,EDM,Home,L,4,6,8.0,20.0,38.27,61.73,0.0,0.0,8.0,8.0,0.0,0.0,8.3,8.4,14.0,16.0,8.0,9.0,8.0,27.0,23.56,16.75,13.89,15.0,0.0,0.0,23.0,30.0,9.0,11.0,23.0,30.0,4.0,4.0,0.0,2.01,3.49
2025-12-18,Pre-Jan 1,OTT,Away,L,0,4,13.0,13.0,50.65,49.35,1.0,1.0,12.0,11.0,2.0,0.0,7.45,2.95,10.0,22.0,8.0,2.0,18.0,21.0,20.89,12.88,19.22,20.88,3.0,2.0,22.0,22.0,9.0,8.0,26.0,25.0,3.0,4.0,0.0,2.53,1.67
2025-12-20,Pre-Jan 1,MTL,Away,L,0,4,13.0,17.0,41.46,58.54,0.0,0.0,9.0,15.0,0.0,1.0,6.35,4.35,8.0,20.0,4.0,8.0,16.0,24.0,21.45,17.07,32.6,12.93,1.0,0.0,20.0,31.0,10.0,15.0,21.0,31.0,5.0,4.0,0.0,1.62,3.6
2025-12-21,Pre-Jan 1,MTL,Home,W,4,3,14.0,24.0,42.0,58.0,0.0,0.0,6.0,16.0,1.0,2.0,7.3,9.8,19.0,16.0,8.0,9.0,25.0,30.0,31.45,15.76,75.33,34.7,2.0,2.0,26.0,32.0,12.0,23.0,28.0,34.0,5.0,4.0,0.0,2.02,3.96
2025-12-23,Pre-Jan 1,TOR,Away,L,3,6,9.0,17.0,44.94,55.06,0.0,1.0,13.0,11.0,2.0,2.0,9.55,7.05,19.0,14.0,8.0,8.0,19.0,16.0,20.92,14.57,26.92,33.07,0.0,0.0,31.0,31.0,13.0,14.0,31.0,32.0,6.0,7.0,0.0,2.23,2.85
2025-12-28,Pre-Jan 1,CHI,Away,W,7,3,18.0,4.0,60.0,40.0,0.0,0.0,16.0,11.0,4.0,0.0,6.5,9.4,15.0,20.0,4.0,7.0,26.0,17.0,16.5,25.6,13.57,50.0,0.0,0.0,24.0,24.0,7.0,4.0,24.0,24.0,4.0,6.0,0.0,2.15,1.31
2025-12-30,Pre-Jan 1,CAR,Home,W,5,1,22.0,16.0,53.19,46.81,1.0,0.0,11.0,12.0,0.0,1.0,4.5,9.0,21.0,15.0,3.0,9.0,21.0,15.0,19.24,24.27,21.76,18.27,0.0,2.0,27.0,26.0,17.0,11.0,28.0,28.0,4.0,7.0,0.0,1.96,3.16
2026-01-01,Post-Jan 1,DET,Home,W,4,3,21.0,20.0,48.48,51.52,0.0,3.0,13.0,7.0,1.0,0.0,7.75,7.1,11.0,11.0,5.0,5.0,21.0,15.0,18.62,19.73,15.62,18.73,2.0,1.0,25.0,27.0,16.0,11.0,27.0,31.0,4.0,4.0,0.0,2.14,2.69
2026-01-03,Post-Jan 1,DET,Away,W,4,1,14.0,14.0,36.62,63.38,0.0,1.0,9.0,12.0,1.0,2.0,2.9,7.8,19.0,16.0,2.0,6.0,21.0,20.0,24.17,15.73,18.5,19.91,0.0,3.0,12.0,27.0,6.0,11.0,12.0,31.0,2.0,8.0,0.0,1.17,2.24
2026-01-04,Post-Jan 1,CBJ,Away,W,5,4,16.0,25.0,37.61,62.39,0.0,0.0,14.0,17.0,0.0,0.0,6.7,11.15,21.0,14.0,6.0,11.0,22.0,14.0,27.0,20.87,34.5,15.07,0.0,2.0,25.0,41.0,12.0,15.0,25.0,43.0,7.0,5.0,0.0,2.65,3.01
2026-01-08,Post-Jan 1,NJD,Home,W,4,1,16.0,20.0,47.87,52.13,0.0,0.0,11.0,11.0,2.0,1.0,4.5,8.1,20.0,23.0,2.0,9.0,25.0,10.0,19.88,23.0,18.65,22.08,1.0,1.0,28.0,28.0,17.0,12.0,29.0,29.0,6.0,5.0,0.0,1.5,2.96
2026-01-10,Post-Jan 1,CGY,Home,L,1,2,17.0,20.0,46.67,53.33,2.0,0.0,10.0,12.0,1.0,1.0,5.35,4.8,14.0,15.0,2.0,6.0,17.0,15.0,22.75,13.12,45.0,18.75,0.0,2.0,23.0,26.0,8.0,8.0,25.0,28.0,3.0,1.0,0.0,1.31,2.65
2026-01-11,Post-Jan 1,BOS,Away,L,0,1,19.0,19.0,45.24,54.76,0.0,0.0,9.0,12.0,1.0,2.0,4.65,2.85,16.0,16.0,5.0,7.0,15.0,18.0,23.9,10.18,24.1,18.73,1.0,0.0,18.0,27.0,10.0,11.0,19.0,27.0,6.0,3.0,0.0,2.32,2.7
2026-01-13,Post-Jan 1,TBL,Home,L,1,2,16.0,9.0,56.82,43.18,1.0,0.0,8.0,9.0,3.0,1.0,5.3,7.25,18.0,15.0,8.0,6.0,15.0,13.0,26.64,18.33,53.93,52.58,2.0,1.0,31.0,28.0,14.0,12.0,34.0,29.0,4.0,9.0,0.0,2.14,2.42
2026-01-15,Post-Jan 1,PHI,Home,W,6,3,16.0,11.0,54.95,45.05,1.0,1.0,13.0,13.0,3.0,1.0,7.2,9.55,11.0,14.0,8.0,10.0,22.0,20.0,13.45,17.25,17.9,16.75,2.0,2.0,31.0,27.0,21.0,8.0,34.0,30.0,3.0,7.0,0.0,3.28,2.99
2026-01-17,Post-Jan 1,CBJ,Home,L,3,4,16.0,24.0,43.4,56.6,2.0,0.0,12.0,15.0,2.0,0.0,8.6,9.0,13.0,14.0,6.0,11.0,24.0,17.0,23.94,16.43,51.06,36.81,0.0,0.0,28.0,36.0,16.0,21.0,30.0,36.0,10.0,3.0,0.0,2.02,3.97
2026-01-19,Post-Jan 1,SEA,Away,W,6,3,10.0,16.0,40.74,59.26,0.0,2.0,4.0,19.0,1.0,0.0,5.8,10.0,17.0,18.0,7.0,12.0,20.0,23.0,18.0,17.0,19.36,26.14,0.0,1.0,23.0,29.0,11.0,14.0,23.0,32.0,3.0,6.0,0.0,2.12,3.02
2026-01-21,Post-Jan 1,CGY,Away,W,4,1,19.0,12.0,50.67,49.33,0.0,0.0,11.0,9.0,1.0,1.0,3.85,7.1,16.0,16.0,2.0,6.0,24.0,17.0,25.91,16.12,21.45,24.12,0.0,1.0,19.0,24.0,11.0,8.0,19.0,25.0,3.0,6.0,0.0,1.88,2.29
2026-01-22,Post-Jan 1,EDM,Away,W,6,2,12.0,10.0,57.14,42.86,0.0,0.0,13.0,10.0,0.0,1.0,5.8,8.8,17.0,17.0,8.0,10.0,20.0,13.0,31.75,17.0,76.0,13.4,1.0,2.0,31.0,21.0,3.0,5.0,32.0,23.0,3.0,4.0,0.0,2.27,1.96
2026-01-25,Post-Jan 1,VAN,Away,W,3,2,16.0,14.0,55.17,44.83,1.0,0.0,13.0,8.0,1.0,0.0,6.4,5.8,16.0,18.0,4.0,6.0,25.0,27.0,12.79,24.5,15.2,18.5,0.0,0.0,31.0,25.0,20.0,8.0,32.0,25.0,7.0,2.0,0.0,2.42,2.21
2026-01-29,Post-Jan 1,CHI,Home,W,6,2,14.0,18.0,35.05,64.95,0.0,0.0,6.0,12.0,0.0,3.0,4.9,11.2,17.0,17.0,3.0,14.0,13.0,18.0,15.0,10.95,18.93,16.7,0.0,1.0,20.0,44.0,14.0,20.0,20.0,45.0,4.0,8.0,0.0,1.33,3.66
2026-01-31,Post-Jan 1,NYR,Home,W,6,5,14.0,12.0,42.5,57.5,2.0,1.0,13.0,7.0,2.0,0.0,7.3,10.4,12.0,12.0,5.0,12.0,26.0,16.0,15.75,20.56,17.64,13.62,0.0,0.0,18.0,33.0,11.0,8.0,20.0,34.0,2.0,5.0,0.0,1.09,3.45
2026-02-02,Post-Jan 1,OTT,Home,L,2,3,17.0,13.0,62.34,37.66,0.0,0.0,15.0,9.0,1.0,0.0,7.75,3.45,12.0,18.0,6.0,6.0,18.0,25.0,19.86,10.75,25.14,16.12,0.0,0.0,31.0,16.0,14.0,8.0,31.0,16.0,8.0,6.0,0.0,2.53,2.6
2026-02-03,Post-Jan 1,NYI,Away,L,4,5,11.0,14.0,40.96,59.04,0.0,1.0,4.0,9.0,0.0,2.0,7.85,8.2,14.0,17.0,10.0,6.0,22.0,25.0,26.0,15.5,42.5,17.5,1.0,0.0,22.0,34.0,12.0,14.0,23.0,35.0,3.0,8.0,0.0,1.99,2.36
2026-02-05,Post-Jan 1,BUF,Away,W,5,2,11.0,11.0,46.91,53.09,1.0,1.0,11.0,11.0,0.0,1.0,5.65,8.35,15.0,17.0,7.0,7.0,16.0,20.0,22.25,14.0,17.9,37.9,1.0,1.0,25.0,30.0,10.0,10.0,27.0,32.0,4.0,6.0,0.0,3.06,1.43
2026-02-26,Post-Jan 1,NJD,Home,W,4,1,23.0,13.0,51.46,48.54,1.0,2.0,15.0,6.0,2.0,1.0,5.55,7.95,18.0,15.0,5.0,10.0,26.0,15.0,23.33,23.08,21.36,15.82,0.0,1.0,29.0,34.0,11.0,11.0,30.0,37.0,3.0,6.0,0.0,2.5,3.27
2026-02-28,Post-Jan 1,NYR,Away,L,2,3,21.0,14.0,49.48,50.52,0.0,0.0,15.0,15.0,1.0,0.0,5.55,7.4,16.0,15.0,5.0,3.0,28.0,15.0,25.0,19.82,32.81,65.77,0.0,0.0,27.0,35.0,21.0,13.0,27.0,35.0,4.0,6.0,0.0,2.6,2.56
2026-03-01,Post-Jan 1,VGK,Home,W,5,0,20.0,17.0,51.85,48.15,0.0,1.0,8.0,8.0,0.0,2.0,2.8,8.45,16.0,23.0,1.0,8.0,28.0,19.0,26.31,11.5,21.23,10.75,1.0,0.0,21.0,21.0,13.0,4.0,22.0,22.0,6.0,6.0,0.0,1.59,2.15
2026-03-03,Post-Jan 1,BOS,Away,L,1,2,23.0,13.0,51.52,48.48,1.0,1.0,12.0,13.0,1.0,0.0,5.75,5.35,17.0,12.0,5.0,5.0,23.0,24.0,15.08,19.79,22.5,36.14,1.0,0.0,26.0,34.0,12.0,14.0,28.0,35.0,4.0,4.0,0.0,3.15,2.19
2026-03-05,Post-Jan 1,BUF,Home,L,1,5,13.0,15.0,47.56,52.44,1.0,0.0,10.0,14.0,2.0,1.0,9.55,3.25,13.0,17.0,8.0,6.0,20.0,18.0,19.0,14.88,22.4,22.5,0.0,2.0,25.0,26.0,5.0,8.0,26.0,28.0,3.0,2.0,0.0,2.11,2.35
