game_id,date,player_id,player_name,team,opponent,home_away,position,toi_seconds,goals,assists,points,shots,hits,blocks,plus_minus,pim,fow,fol,fo_pct,GF,xG_For,Shots_For,HDC_For,Blocks_For,Hits_For,Corsi_For,OZ_Shots_For,NZ_Shots_For,DZ_Shots_For,Rush_Shots_For,ENtoS_For,EXtoEN_For,Giveaways_For,Takeaways_For,Lateral_Move_For,Longitudinal_Move_For,GameScore_For,Corsi_Pct,xG_Pct
2026020001,2026-09-29,8473533,J. Staal,CAR,FLA,H,F,1037,0,0,0,0,7,1,0,0,12,10,54.5,0,0.0,0,0,1,7,0,0,0,0,0,0,0,0,0,0,0,0.23,20.0,9.7
2026020001,2026-09-29,8478427,S. Aho,CAR,FLA,H,F,1256,0,0,0,4,0,1,0,4,10,6,62.5,0,0.27,4,0,1,0,4,4,0,0,0,1,0,1,0,1.0,27.5,0.2,63.3,83.8
2026020001,2026-09-29,8482702,L. Stankoven,CAR,FLA,H,F,1194,0,0,0,0,1,0,0,0,5,3,62.5,0,0.0,0,0,0,1,0,0,0,0,0,0,0,1,0,0,0,-0.12,50.0,35.8
2026020001,2026-09-29,8477940,N. Ehlers,CAR,FLA,H,F,1164,0,0,0,2,1,1,0,0,0,0,0,0,0.15,2,0,1,1,3,2,0,0,0,0,0,1,0,63.0,93.0,0.08,58.6,78.3
2026020001,2026-09-29,8477478,W. Carrier,CAR,FLA,H,F,406,0,0,0,0,2,0,0,0,0,0,0,0,0.06,0,0,0,2,1,0,0,0,0,0,0,0,0,0,0,0.05,28.6,16.7
2026020001,2026-09-29,8480830,A. Svechnikov,CAR,FLA,H,F,981,0,0,0,2,8,1,0,2,0,0,0,0,0.3,2,0,1,8,4,2,0,0,1,1,0,0,0,2.0,9.0,0.4,60.7,81.4
2026020001,2026-09-29,8475235,N. Deslauriers,CAR,FLA,H,F,301,0,0,0,0,3,0,0,5,0,0,0,0,0.0,0,0,0,3,0,0,0,0,0,0,0,0,0,0,0,0.08,25.0,25.0
2026020001,2026-09-29,8476921,J. Martinook,CAR,FLA,H,F,830,0,0,0,0,2,0,0,0,0,0,0,0,0.01,0,0,0,2,1,0,0,0,0,0,0,2,0,0,0,-0.25,18.8,4.8
2026020001,2026-09-29,8480762,E. Robinson,CAR,FLA,H,F,780,0,0,0,0,5,0,0,0,0,0,0,0,0.07,0,0,0,5,1,0,0,0,1,0,0,1,0,22.0,50.0,-0.02,38.5,18.4
2026020001,2026-09-29,8482809,J. Blake,CAR,FLA,H,F,1298,0,0,0,2,0,2,-1,0,0,0,0,0,0.43,2,0,2,0,6,2,0,0,1,2,0,3,0,14.0,15.0,-0.2,59.5,78.8
2026020001,2026-09-29,8475791,T. Hall,CAR,FLA,H,F,927,0,0,0,1,3,0,-1,2,0,0,0,0,0.19,1,0,0,3,3,1,0,0,0,1,0,1,0,3.0,1.0,0.0,56.5,27.0
2026020001,2026-09-29,8476873,M. Jankowski,CAR,FLA,H,F,793,0,0,0,0,0,1,0,0,7,5,58.3,0,0.02,0,0,1,0,1,0,0,0,0,0,0,1,0,2.0,9.0,-0.1,18.2,47.1
2026020001,2026-09-29,8476906,S. Gostisbehere,CAR,FLA,H,D,1149,0,0,0,1,1,1,0,0,0,0,0,0,0.13,1,0,1,1,5,1,0,0,0,1,0,0,0,26.5,17.5,0.15,51.4,72.3
2026020001,2026-09-29,8478970,J. Chatfield,CAR,FLA,H,D,1152,0,0,0,0,2,1,0,0,0,0,0,0,0.02,0,0,1,2,1,0,0,0,0,0,0,1,2,0,0,0.15,40.0,25.0
2026020001,2026-09-29,8480817,K. Miller,CAR,FLA,H,D,1515,0,0,0,0,0,3,-1,2,0,0,0,0,0.0,0,0,3,0,0,0,0,0,0,0,0,0,1,0,0,0.25,36.0,37.0
2026020001,2026-09-29,8480336,S. Walker,CAR,FLA,H,D,1150,0,0,0,1,4,3,0,2,0,0,0,0,0.08,1,0,3,4,2,1,0,0,0,0,0,1,1,0,0,0.28,22.2,38.5
2026020001,2026-09-29,8484428,C. Legault,CAR,FLA,H,D,760,0,0,0,1,1,1,0,0,0,0,0,0,0.1,1,0,1,1,3,1,0,0,0,1,1,2,0,0,0,-0.15,26.3,11.1
2026020001,2026-09-29,8476958,J. Slavin,CAR,FLA,H,D,1352,0,0,0,1,1,3,0,0,0,0,0,0,0.05,1,0,3,1,2,1,0,0,0,0,0,0,0,8.0,13.0,0.25,32.3,20.9
2026020001,2026-09-29,8483548,B. Bussi,CAR,FLA,H,G,3895,0,0,0,0,0,0,0,0,0,0,0,0,0,0,0,0,0,0,0,0,0,0,0,0,0,0,0,0,0,0,0
2026020001,2026-09-29,8481611,P. Kochetkov,CAR,FLA,H,G,0,0,0,0,0,0,0,0,0,0,0,0,0,0,0,0,0,0,0,0,0,0,0,0,0,0,0,0,0,0,0,0
2026020001,2026-09-29,8480801,B. Tkachuk,FLA,CAR,A,F,993,0,0,0,1,4,0,1,2,2,0,100.0,1,0.19,1,0,0,4,4,1,0,0,0,0,0,1,0,0,0,0.02,85.0,84.3
2026020001,2026-09-29,8477935,S. Bennett,FLA,CAR,A,F,1148,0,0,0,1,7,0,0,0,4,4,50.0,1,0.21,1,0,0,7,4,1,0,0,0,1,0,1,0,0,0,0.1,66.7,65.8
2026020001,2026-09-29,8477933,S. Reinhart,FLA,CAR,A,F,1257,0,0,0,2,4,0,0,0,0,5,0.0,1,0.28,2,0,0,4,6,0,2,0,0,1,0,1,0,18.0,5.0,0.1,77.4,70.8
2026020001,2026-09-29,8478147,B. Imama,FLA,CAR,A,F,363,0,0,0,0,3,0,0,7,0,0,0,1,0.0,0,0,0,3,0,0,0,0,0,0,0,0,0,0,0,0.08,100.0,100.0
2026020001,2026-09-29,8482113,A. Lundell,FLA,CAR,A,F,1142,0,0,0,3,2,1,0,0,5,5,50.0,1,0.2,3,0,1,2,3,3,0,0,0,2,1,1,0,0,0,0.17,40.6,25.0
2026020001,2026-09-29,8477493,A. Barkov,FLA,CAR,A,F,1232,0,0,0,1,0,1,0,0,10,10,50.0,1,0.3,1,0,1,0,2,1,0,0,0,0,0,0,0,0,0,0.12,72.4,66.0
2026020001,2026-09-29,8479314,M. Tkachuk,FLA,CAR,A,F,1141,0,0,0,2,1,0,0,0,0,0,0,1,0.24,2,1,0,1,6,2,0,0,1,1,0,3,0,14.0,30.0,-0.27,79.2,79.5
2026020001,2026-09-29,8474189,L. Eller,FLA,CAR,A,F,694,0,0,0,1,1,1,0,0,2,7,22.2,1,0.02,1,0,1,1,1,1,0,0,0,0,0,1,0,0,0,0.0,61.5,70.6
2026020001,2026-09-29,8477903,G. Hathaway,FLA,CAR,A,F,577,0,0,0,0,4,0,0,4,0,0,0,1,0.0,0,0,0,4,0,0,0,0,0,0,0,0,1,0,0,0.2,54.5,58.3
2026020001,2026-09-29,8477409,C. Verhaeghe,FLA,CAR,A,F,1138,0,1,1,1,0,1,1,0,0,1,0.0,1,0.13,1,0,1,0,4,1,0,0,0,2,0,0,0,0,0,0.82,66.7,90.0
2026020001,2026-09-29,8480185,E. Luostarinen,FLA,CAR,A,F,838,0,0,0,1,4,0,0,0,0,2,0.0,1,0.25,1,0,0,4,3,1,0,0,0,0,0,1,0,0,0,0.02,41.7,18.6
2026020001,2026-09-29,8483771,S. Vilmanis,FLA,CAR,A,F,683,0,0,0,0,3,3,0,0,1,0,100.0,1,0.04,0,0,3,3,2,0,0,0,0,0,0,1,0,0,0,0.08,47.4,65.4
2026020001,2026-09-29,8477495,S. Jones,FLA,CAR,A,D,1739,0,0,0,1,1,0,0,0,0,0,0,1,0.05,1,0,0,1,1,1,0,0,0,1,0,0,1,0,0,0.2,65.8,63.0
2026020001,2026-09-29,8477932,A. Ekblad,FLA,CAR,A,D,1217,0,0,0,0,2,0,0,0,0,0,0,1,0.08,0,0,0,2,3,0,0,0,0,1,0,1,0,0,0,-0.1,52.0,36.1
2026020001,2026-09-29,8475462,R. Gudas,FLA,CAR,A,D,645,0,0,0,0,3,0,0,0,0,0,0,1,0.01,0,0,0,3,1,0,0,0,0,0,0,0,0,0,0,0.08,72.7,88.2
2026020001,2026-09-29,8475179,D. Kulikov,FLA,CAR,A,D,706,0,0,0,0,1,2,0,2,0,0,0,1,0.0,0,0,2,1,0,0,0,0,0,0,0,1,1,0,0,0.08,75.0,91.7
2026020001,2026-09-29,8478055,G. Forsling,FLA,CAR,A,D,1360,1,0,1,2,3,2,1,2,0,0,0,1,0.16,2,1,2,3,4,2,0,0,0,1,0,0,0,0,0,1.07,42.1,13.5
2026020001,2026-09-29,8478859,N. Mikkola,FLA,CAR,A,D,1292,0,0,0,4,0,2,0,0,0,0,0,1,0.16,4,0,2,0,7,2,0,2,0,0,0,0,0,14.0,64.0,0.4,48.5,39.6
2026020001,2026-09-29,8474593,J. Markstrom,FLA,CAR,A,G,3895,0,0,0,0,0,0,0,0,0,0,0,1,0,0,0,0,0,0,0,0,0,0,0,0,0,0,0,0,0,0,0
2026020001,2026-09-29,8481033,A. Schmid,FLA,CAR,A,G,0,0,0,0,0,0,0,0,0,0,0,0,1,0,0,0,0,0,0,0,0,0,0,0,0,0,0,0,0,0,0,0
2026020002,2026-09-29,8476925,C. Sissons,TOR,MTL,H,F,898,0,0,0,0,4,1,0,0,2,3,40.0,2,0.04,0,0,1,4,1,0,0,0,0,1,0,1,1,0,0,0.1,43.5,46.1
2026020002,2026-09-29,8479772,Z. MacEwen,TOR,MTL,H,F,325,0,0,0,0,0,0,0,0,0,0,0,2,0.0,0,0,0,0,0,0,0,0,0,0,0,0,0,0,0,0.0,16.7,0.0
2026020002,2026-09-29,8477426,N. Paul,TOR,MTL,H,F,932,0,0,0,0,2,2,-1,2,3,6,33.3,2,0.0,0,0,2,2,0,0,0,0,0,0,0,0,0,0,0,0.15,40.0,21.4
2026020002,2026-09-29,8479520,B. Duhaime,TOR,MTL,H,F,544,0,0,0,0,5,1,0,0,0,1,0.0,2,0.04,0,0,1,5,2,0,0,0,0,0,0,0,0,0,0,0.17,41.7,23.1
2026020002,2026-09-29,8479318,A. Matthews,TOR,MTL,H,F,1354,0,0,0,3,0,0,-1,0,5,5,50.0,2,0.27,3,0,0,0,4,3,0,0,0,1,0,0,0,0,0,0.22,58.1,32.1
2026020002,2026-09-29,8484158,E. Cowan,TOR,MTL,H,F,958,0,1,1,1,1,0,1,0,0,0,0,2,0.04,1,0,0,1,1,1,0,0,0,0,0,2,0,0,0,0.5,63.0,86.0
2026020002,2026-09-29,8476927,T. Blueger,TOR,MTL,H,F,586,0,0,0,1,1,0,0,0,1,7,12.5,2,0.02,1,0,0,1,1,1,0,0,0,0,0,1,0,0,0,-0.05,21.4,13.6
2026020002,2026-09-29,8480893,K. Marchenko,TOR,MTL,H,F,1208,0,1,1,4,2,0,1,0,0,0,0,2,0.44,4,0,0,2,8,4,0,0,2,1,0,1,0,7.0,15.0,0.9,60.5,46.7
2026020002,2026-09-29,8477939,W. Nylander,TOR,MTL,H,F,1135,2,0,2,5,0,1,-1,0,0,1,0.0,2,0.39,5,2,1,0,7,5,0,0,0,2,0,1,0,6.5,20.0,1.78,52.9,34.1
2026020002,2026-09-29,8475166,J. Tavares,TOR,MTL,H,F,996,0,1,1,4,1,2,0,2,9,7,56.2,2,0.72,4,1,2,1,7,4,0,0,1,1,0,3,0,13.0,5.5,0.68,57.1,56.6
2026020002,2026-09-29,8486067,G. McKenna,TOR,MTL,H,F,919,0,0,0,1,0,0,-2,0,0,0,0,2,0.19,1,0,0,0,2,1,0,0,0,0,0,2,0,6.0,2.0,-0.22,36.7,39.4
2026020002,2026-09-29,8478458,J. Roslovic,TOR,MTL,H,F,1094,0,0,0,2,1,0,0,0,1,2,33.3,2,0.27,2,0,0,1,3,2,0,0,0,2,1,1,0,0,0,0.02,55.2,36.9
2026020002,2026-09-29,8475690,C. Tanev,TOR,MTL,H,D,1119,0,0,0,1,0,3,0,0,0,0,0,2,0.03,1,0,3,0,1,1,0,0,0,1,0,0,0,0,0,0.23,37.8,30.5
2026020002,2026-09-29,8476931,J. McCabe,TOR,MTL,H,D,698,0,0,0,1,2,0,0,2,0,0,0,2,0.06,1,1,0,2,3,1,0,0,0,0,0,1,0,0,0,-0.02,56.5,46.1
2026020002,2026-09-29,8479442,T. Stecher,TOR,MTL,H,D,1145,0,0,0,0,1,0,1,0,0,0,0,2,0.03,0,0,0,1,1,0,0,0,0,0,0,1,0,0,0,-0.12,29.6,29.2
2026020002,2026-09-29,8478178,D. Raddysh,TOR,MTL,H,D,1427,0,0,0,3,0,2,-2,0,0,0,0,2,0.26,3,0,2,0,6,3,0,0,0,0,0,5,1,21.5,22.25,-0.33,58.0,44.8
2026020002,2026-09-29,8476853,M. Rielly,TOR,MTL,H,D,1290,0,1,1,1,2,0,-1,0,0,0,0,2,0.02,1,0,0,2,1,0,0,1,0,0,0,1,0,16.0,6.0,0.67,50.0,43.2
2026020002,2026-09-29,8475171,O. Ekman-Larsson,TOR,MTL,H,D,1087,0,0,0,1,1,2,0,2,0,0,0,2,0.02,1,0,2,1,1,1,0,0,0,0,0,1,0,0,0,0.05,30.0,30.0
2026020002,2026-09-29,8476932,A. Stolarz,TOR,MTL,H,G,0,0,0,0,0,0,0,0,0,0,0,0,2,0,0,0,0,0,0,0,0,0,0,0,0,0,0,0,0,0,0,0
2026020002,2026-09-29,8475683,S. Bobrovsky,TOR,MTL,H,G,3525,0,0,0,0,0,0,0,0,0,0,0,2,0,0,0,0,0,0,0,0,0,0,0,0,0,0,0,0,0,0,0
2026020002,2026-09-29,8481540,C. Caufield,MTL,TOR,A,F,955,0,0,0,3,3,0,-1,2,1,0,100.0,3,0.23,3,1,0,3,5,3,0,0,0,0,0,0,0,0,0,0.3,56.7,64.5
2026020002,2026-09-29,8480018,N. Suzuki,MTL,TOR,A,F,1123,0,0,0,2,2,1,-1,0,7,5,58.3,3,0.07,2,0,1,2,4,1,1,0,0,3,0,3,1,7.0,3.0,-0.1,48.7,61.4
2026020002,2026-09-29,8481618,A. Newhook,MTL,TOR,A,F,971,0,0,0,1,3,1,0,2,7,2,77.8,3,0.28,1,0,1,3,3,1,0,0,0,0,0,1,0,39.0,55.0,0.05,44.0,75.0
2026020002,2026-09-29,8476981,J. Anderson,MTL,TOR,A,F,773,1,1,2,3,4,0,2,0,0,0,0,3,0.41,3,3,0,4,3,3,0,0,0,1,0,1,0,16.5,3.5,1.62,62.1,72.7
2026020002,2026-09-29,8483515,J. Slafkovský,MTL,TOR,A,F,1073,0,0,0,2,0,0,0,0,0,1,0.0,3,0.33,2,0,0,0,6,2,0,0,1,1,0,2,0,17.0,5.0,-0.15,60.0,85.5
2026020002,2026-09-29,8475184,C. Kreider,MTL,TOR,A,F,861,0,0,0,1,3,0,0,0,0,1,0.0,3,0.17,1,0,0,3,2,1,0,0,0,1,0,0,1,0,0,0.25,47.8,48.6
2026020002,2026-09-29,8476479,P. Danault,MTL,TOR,A,F,937,0,0,0,0,1,0,1,0,5,5,50.0,3,0.0,0,0,0,1,0,0,0,0,0,0,0,1,0,0,0,-0.12,45.8,57.6
2026020002,2026-09-29,8478133,J. Evans,MTL,TOR,A,F,890,0,0,0,1,3,1,1,0,10,7,58.8,3,0.14,1,1,1,3,2,1,0,0,0,0,0,0,1,0,0,0.3,48.6,55.2
2026020002,2026-09-29,8482737,Z. Bolduc,MTL,TOR,A,F,664,1,0,1,2,0,0,1,0,0,0,0,3,0.19,2,1,0,0,1,2,0,0,0,1,0,0,0,0,0,0.9,70.8,64.3
2026020002,2026-09-29,8481523,K. Dach,MTL,TOR,A,F,667,0,1,1,1,2,0,1,0,2,0,100.0,3,0.06,1,0,0,2,4,1,0,0,0,0,0,2,0,0,0,0.52,52.6,59.8
2026020002,2026-09-29,8480074,A. Texier,MTL,TOR,A,F,733,0,0,0,0,2,1,0,2,0,0,0,3,0.07,0,0,1,2,2,0,0,0,0,0,0,1,0,0,0,-0.05,50.0,39.7
2026020002,2026-09-29,8484984,I. Demidov,MTL,TOR,A,F,911,0,0,0,1,2,0,-1,2,0,0,0,3,0.29,1,0,0,2,5,1,0,0,0,2,0,0,0,0,0,0.12,69.2,89.4
2026020002,2026-09-29,8476875,M. Matheson,MTL,TOR,A,D,1507,0,1,1,3,0,2,1,0,0,0,0,3,0.23,3,0,2,0,5,3,0,0,0,3,0,1,1,17.0,17.0,0.97,46.0,63.1
2026020002,2026-09-29,8478851,A. Carrier,MTL,TOR,A,D,1314,1,1,2,3,1,1,1,0,0,0,0,3,0.06,3,1,1,1,3,2,1,0,0,2,0,1,0,12.0,18.0,1.6,50.0,56.2
2026020002,2026-09-29,8481593,J. Struble,MTL,TOR,A,D,662,0,0,0,0,2,0,0,0,0,0,0,3,0.05,0,0,0,2,1,0,0,0,0,0,0,1,1,0,0,0.0,66.7,75.0
2026020002,2026-09-29,8483457,L. Hutson,MTL,TOR,A,D,1447,0,0,0,0,0,1,0,0,0,0,0,3,0.04,0,0,1,0,2,0,0,0,0,0,0,2,0,0,0,-0.25,62.2,64.1
2026020002,2026-09-29,8480865,N. Dobson,MTL,TOR,A,D,1316,0,0,0,1,0,2,0,0,0,0,0,3,0.22,1,0,2,0,6,1,0,0,0,0,0,3,1,20.5,44.0,-0.17,42.9,48.9
2026020002,2026-09-29,8482964,A. Xhekaj,MTL,TOR,A,D,740,0,0,0,0,0,1,0,0,0,0,0,3,0.0,0,0,1,0,0,0,0,0,0,0,0,1,1,0,0,0.0,40.0,60.0
2026020002,2026-09-29,8478470,S. Montembeault,MTL,TOR,A,G,0,0,0,0,0,0,0,0,0,0,0,0,3,0,0,0,0,0,0,0,0,0,0,0,0,0,0,0,0,0,0,0
2026020002,2026-09-29,8482487,J. Dobes,MTL,TOR,A,G,3576,0,0,0,0,0,0,0,0,0,0,0,3,0,0,0,0,0,0,0,0,0,0,0,0,0,0,0,0,0,0,0
2026020003,2026-09-29,8482175,J. Peterka,BOS,NYR,H,F,1029,1,0,1,1,0,0,1,0,0,0,0,3,0.24,1,1,0,0,4,1,0,0,0,1,0,1,0,9.0,3.0,0.67,63.6,76.3
2026020003,2026-09-29,8479999,C. Mittelstadt,BOS,NYR,H,F,868,0,0,0,3,1,0,0,0,0,0,0,3,0.33,3,1,0,1,3,3,0,0,0,0,0,0,0,0,0,0.25,54.2,63.4
2026020003,2026-09-29,8478401,P. Zacha,BOS,NYR,H,F,924,0,0,0,3,1,0,0,0,10,6,62.5,3,0.29,3,0,0,1,5,3,0,0,0,3,0,0,0,0,0,0.25,51.9,58.3
2026020003,2026-09-29,8477496,E. Lindholm,BOS,NYR,H,F,959,0,1,1,0,1,1,1,0,7,7,50.0,3,0.1,0,0,1,1,4,0,0,0,0,0,0,1,0,36.0,4.0,0.62,56.0,74.7
2026020003,2026-09-29,8479987,M. Geekie,BOS,NYR,H,F,978,0,0,0,1,5,0,0,0,1,3,25.0,3,0.12,1,0,0,5,2,1,0,0,0,0,0,0,1,0,0,0.3,53.3,62.6
2026020003,2026-09-29,8485395,J. Hagens,BOS,NYR,H,F,807,0,0,0,1,0,2,0,0,0,1,0.0,3,0.06,1,0,2,0,4,1,0,0,0,0,0,1,1,19.0,29.0,0.13,56.5,59.5
2026020003,2026-09-29,8480355,M. Kastelic,BOS,NYR,H,F,787,1,0,1,1,3,3,2,0,2,1,66.7,3,0.14,1,1,3,3,0,1,0,0,0,1,0,0,1,0,0,1.15,41.7,78.8
2026020003,2026-09-29,8476374,S. Kuraly,BOS,NYR,H,F,901,0,0,0,2,1,2,0,0,5,3,62.5,3,0.18,2,1,2,1,3,2,0,0,0,1,0,0,0,0,0,0.28,44.4,83.2
2026020003,2026-09-29,8479661,T. Jeannot,BOS,NYR,H,F,793,0,0,0,0,4,1,0,2,0,0,0,3,0.19,0,0,1,4,3,0,0,0,0,0,0,0,0,0,0,0.15,45.5,84.6
2026020003,2026-09-29,8477956,D. Pastrnak,BOS,NYR,H,F,1052,0,0,0,4,1,0,1,0,0,0,0,3,0.31,4,0,0,1,8,4,0,0,0,2,0,1,0,0,0,0.18,61.3,74.3
2026020003,2026-09-29,8482177,M. Khusnutdinov,BOS,NYR,H,F,803,0,1,1,0,1,1,2,0,0,1,0.0,3,0.06,0,0,1,1,1,0,0,0,0,0,0,0,0,0,0,0.78,69.2,81.2
2026020003,2026-09-29,8483489,F. Minten,BOS,NYR,H,F,888,1,1,2,3,1,0,2,0,1,4,20.0,3,0.25,3,1,0,1,4,3,0,0,0,1,0,1,1,0,0,1.65,71.4,74.2
2026020003,2026-09-29,8482511,M. Lohrei,BOS,NYR,H,D,1161,0,1,1,0,0,0,1,0,0,0,0,3,0.06,0,0,0,0,2,0,0,0,0,0,0,0,0,0,0,0.7,50.0,48.0
2026020003,2026-09-29,8478840,W. Borgen,BOS,NYR,H,D,1063,0,0,0,1,4,1,2,0,0,0,0,3,0.03,1,0,1,4,1,1,0,0,0,0,0,1,0,42.0,34.0,0.08,51.7,77.1
2026020003,2026-09-29,8476854,H. Lindholm,BOS,NYR,H,D,1117,0,1,1,0,0,1,2,0,0,0,0,3,0.11,0,0,1,0,3,0,0,0,0,0,0,0,0,0,0,0.75,61.1,78.6
2026020003,2026-09-29,8481219,J. Aspirot,BOS,NYR,H,D,1033,0,0,0,0,2,1,1,0,0,0,0,3,0.04,0,0,1,2,2,0,0,0,0,0,0,2,0,14.0,25.0,-0.2,51.4,46.3
2026020003,2026-09-29,8477365,C. Clifton,BOS,NYR,H,D,1403,0,0,0,2,3,2,0,0,0,0,0,3,0.07,2,0,2,3,3,2,0,0,0,1,1,1,0,0,0,0.18,58.8,82.4
2026020003,2026-09-29,8477507,N. Zadorov,BOS,NYR,H,D,1314,0,0,0,1,8,1,0,0,0,0,0,3,0.07,1,0,1,8,3,1,0,0,0,1,0,0,0,22.0,32.0,0.33,57.6,82.3
2026020003,2026-09-29,8480280,J. Swayman,BOS,NYR,H,G,3600,0,0,0,0,0,0,0,0,0,0,0,3,0,0,0,0,0,0,0,0,0,0,0,0,0,0,0,0,0,0,0
2026020003,2026-09-29,8480022,M. DiPietro,BOS,NYR,H,G,0,0,0,0,0,0,0,0,0,0,0,0,3,0,0,0,0,0,0,0,0,0,0,0,0,0,0,0,0,0,0,0
2026020003,2026-09-29,8476468,J. Miller,NYR,BOS,A,F,972,0,0,0,2,2,0,-1,0,8,7,53.3,0,0.38,2,0,0,2,3,2,0,0,0,0,1,3,0,3.0,7.0,-0.25,64.5,49.5
2026020003,2026-09-29,8482109,A. Lafrenière,NYR,BOS,A,F,1097,0,0,0,0,4,0,-1,0,1,0,100.0,0,0.1,0,0,0,4,2,0,0,0,0,0,0,3,0,0,0,-0.35,39.1,21.6
2026020003,2026-09-29,8481604,P. Dorofeyev,NYR,BOS,A,F,949,0,0,0,5,1,0,-1,0,0,0,0,0,0.39,5,0,0,1,6,5,0,0,0,1,0,1,1,18.0,89.0,0.35,60.6,44.7
2026020003,2026-09-29,8480009,E. Tolvanen,NYR,BOS,A,F,836,0,0,0,2,4,0,-1,0,0,0,0,0,0.24,2,0,0,4,4,2,0,0,1,2,1,0,0,5.0,7.0,0.25,41.4,35.2
2026020003,2026-09-29,8481789,T. Kartye,NYR,BOS,A,F,800,0,0,0,0,3,0,-1,0,0,1,0.0,0,0.0,0,0,0,3,0,0,0,0,0,0,0,0,0,0,0,0.08,28.6,3.6
2026020003,2026-09-29,8477416,O. Bjorkstrand,NYR,BOS,A,F,873,0,0,0,4,0,0,0,0,0,0,0,0,0.45,4,0,0,0,5,4,0,0,1,2,0,0,0,10.0,14.0,0.3,63.3,61.1
2026020003,2026-09-29,8483690,N. Laba,NYR,BOS,A,F,776,0,0,0,0,2,0,-2,2,4,3,57.1,0,0.0,0,0,0,2,0,0,0,0,0,0,0,0,0,0,0,0.05,35.5,27.3
2026020003,2026-09-29,8482157,W. Cuylle,NYR,BOS,A,F,903,0,0,0,3,2,0,-2,0,0,1,0.0,0,0.38,3,0,0,2,5,3,0,0,0,1,0,1,0,13.5,17.0,0.12,43.3,30.2
2026020003,2026-09-29,8482460,M. Rempe,NYR,BOS,A,F,589,0,0,0,1,6,0,0,0,0,0,0,0,0.13,1,0,0,6,1,1,0,0,0,0,0,0,0,17.0,23.0,0.23,38.9,4.6
2026020003,2026-09-29,8480813,J. Veleno,NYR,BOS,A,F,957,0,0,0,0,3,3,0,0,4,7,36.4,0,0.02,0,0,3,3,1,0,0,0,0,0,1,1,0,0,0,0.08,33.3,4.8
2026020003,2026-09-29,8476459,M. Zibanejad,NYR,BOS,A,F,1111,0,0,0,2,2,0,-1,0,9,7,56.2,0,0.18,2,0,0,2,3,2,0,0,0,1,0,1,2,45.0,77.5,0.25,36.0,20.8
2026020003,2026-09-29,8484210,G. Perreault,NYR,BOS,A,F,980,0,0,0,0,0,1,-1,0,0,0,0,0,0.0,0,0,1,0,0,0,0,0,0,0,0,1,0,0,0,-0.1,33.3,23.5
2026020003,2026-09-29,8482073,B. Schneider,NYR,BOS,A,D,974,0,0,0,2,4,1,-1,0,0,0,0,0,0.09,2,0,1,4,2,1,0,1,0,0,0,1,0,4.0,12.0,0.15,39.3,24.4
2026020003,2026-09-29,8480434,S. Durzi,NYR,BOS,A,D,1395,0,0,0,1,1,1,0,0,0,0,0,0,0.09,1,0,1,1,4,1,0,0,0,1,0,0,0,0,0,0.15,45.2,20.7
2026020003,2026-09-29,8485957,A. Smits,NYR,BOS,A,D,1014,0,0,0,0,2,1,-1,0,0,0,0,0,0.04,0,0,1,2,1,0,0,0,0,0,0,2,0,0,0,-0.2,32.1,24.8
2026020003,2026-09-29,8479323,A. Fox,NYR,BOS,A,D,1105,0,0,0,0,0,1,-2,0,0,0,0,0,0.13,0,0,1,0,3,0,0,0,0,0,0,1,0,0,0,-0.1,51.6,35.7
2026020003,2026-09-29,8477969,M. Pettersson,NYR,BOS,A,D,1388,0,0,0,1,1,2,0,0,0,0,0,0,0.16,1,0,2,1,5,1,0,0,0,2,0,3,1,16.0,53.0,-0.15,37.5,16.1
2026020003,2026-09-29,8478882,V. Gavrikov,NYR,BOS,A,D,1198,0,0,0,1,0,2,-1,0,0,0,0,0,0.07,1,0,2,0,2,1,0,0,0,0,0,2,0,0,0,-0.12,60.5,48.0
2026020003,2026-09-29,8478048,I. Shesterkin,NYR,BOS,A,G,3563,0,0,0,0,0,0,0,0,0,0,0,0,0,0,0,0,0,0,0,0,0,0,0,0,0,0,0,0,0,0,0
2026020003,2026-09-29,8476914,J. Korpisalo,NYR,BOS,A,G,0,0,0,0,0,0,0,0,0,0,0,0,0,0,0,0,0,0,0,0,0,0,0,0,0,0,0,0,0,0,0,0
2026020004,2026-09-29,8479365,T. Frederic,EDM,VAN,H,F,561,0,0,0,1,4,0,0,0,1,0,100.0,5,0.13,1,1,0,4,1,1,0,0,0,1,0,0,0,0,0,0.17,38.9,61.8
2026020004,2026-09-29,8475786,Z. Hyman,EDM,VAN,H,F,1233,0,0,0,3,2,0,1,0,0,0,0,5,0.61,3,3,0,2,7,3,0,0,0,0,0,0,0,17.0,13.67,0.27,66.7,75.4
2026020004,2026-09-29,8478472,M. Joseph,EDM,VAN,H,F,897,0,0,0,0,5,1,-1,2,0,0,0,5,0.09,0,0,1,5,2,0,0,0,0,0,0,0,0,0,0,0.17,40.0,68.4
2026020004,2026-09-29,8480029,A. Formenton,EDM,VAN,H,F,909,0,1,1,2,5,0,3,0,0,0,0,5,0.19,2,1,0,5,2,2,0,0,0,0,0,0,0,27.0,52.0,0.97,64.3,82.0
2026020004,2026-09-29,8477934,L. Draisaitl,EDM,VAN,H,F,1275,0,1,1,5,0,0,-1,0,12,9,57.1,5,0.67,5,2,0,0,11,5,0,0,2,2,0,2,0,5.5,14.0,0.77,79.6,90.7
2026020004,2026-09-29,8482703,C. Dach,EDM,VAN,H,F,889,0,0,0,2,4,0,-1,0,8,7,53.3,5,0.13,2,1,0,4,4,2,0,0,0,1,0,0,1,26.5,9.5,0.35,50.0,79.2
2026020004,2026-09-29,8477953,K. Kapanen,EDM,VAN,H,F,1075,0,0,0,3,4,0,-2,2,0,0,0,5,0.23,3,0,0,4,4,2,1,0,0,1,0,1,0,14.0,29.0,0.17,78.4,77.3
2026020004,2026-09-29,8486161,O. Michaels,EDM,VAN,H,F,502,0,0,0,0,0,1,0,0,3,2,60.0,5,0.04,0,0,1,0,2,0,0,0,0,0,0,1,0,0,0,-0.1,37.5,64.6
2026020004,2026-09-29,8479368,M. Jones,EDM,VAN,H,F,738,0,0,0,2,5,0,-1,0,0,0,0,5,0.15,2,1,0,5,3,1,1,0,0,1,0,0,0,23.0,12.0,0.28,50.0,75.8
2026020004,2026-09-29,8483455,I. Howard,EDM,VAN,H,F,666,0,0,0,1,0,0,0,0,0,0,0,5,0.11,1,0,0,0,3,1,0,0,0,2,0,0,0,0,0,0.07,43.5,67.1
2026020004,2026-09-29,8481617,V. Podkolzin,EDM,VAN,H,F,1100,2,0,2,7,5,0,-2,0,0,2,0.0,5,0.77,7,2,0,5,10,7,0,0,0,1,0,1,0,15.0,19.0,2.0,84.1,96.7
2026020004,2026-09-29,8478402,C. McDavid,EDM,VAN,H,F,1371,0,2,2,0,1,0,1,0,12,4,75.0,5,0.14,0,0,0,1,3,0,0,0,0,1,0,3,0,0,0,0.97,64.0,82.5
2026020004,2026-09-29,8480803,E. Bouchard,EDM,VAN,H,D,1541,3,2,5,6,1,3,2,0,0,0,0,5,0.42,6,3,3,1,8,6,0,0,0,2,0,2,0,29.0,20.33,3.98,75.9,85.5
2026020004,2026-09-29,8476473,C. Murphy,EDM,VAN,H,D,1109,0,0,0,2,0,4,-1,0,0,0,0,5,0.04,2,0,4,0,3,2,0,0,0,0,0,1,0,0,0,0.2,44.4,76.5
2026020004,2026-09-29,8478854,R. Shea,EDM,VAN,H,D,1361,0,1,1,0,1,0,-1,0,0,0,0,5,0.0,0,0,0,1,0,0,0,0,0,0,0,0,0,0,0,0.72,57.8,64.2
2026020004,2026-09-29,8475218,M. Ekholm,EDM,VAN,H,D,1256,0,0,0,2,1,0,2,0,0,0,0,5,0.1,2,0,0,1,3,2,0,0,0,2,0,4,0,0,0,-0.42,71.1,83.2
2026020004,2026-09-29,8482166,S. Mukhamadullin,EDM,VAN,H,D,783,0,0,0,0,0,0,-2,0,0,0,0,5,0.04,0,0,0,0,2,0,0,0,0,1,0,2,0,15.0,16.0,-0.3,65.2,86.2
2026020004,2026-09-29,8478013,J. Walman,EDM,VAN,H,D,985,0,0,0,1,0,3,0,0,0,0,0,5,0.1,1,0,3,0,2,1,0,0,0,1,0,2,1,0,0,0.03,50.0,73.4
2026020004,2026-09-29,8482221,D. Levi,EDM,VAN,H,G,0,0,0,0,0,0,0,0,0,0,0,0,5,0,0,0,0,0,0,0,0,0,0,0,0,0,0,0,0,0,0,0
2026020004,2026-09-29,8477465,T. Jarry,EDM,VAN,H,G,3693,0,0,0,0,0,0,0,0,0,0,0,5,0,0,0,0,0,0,0,0,0,0,0,0,0,0,0,0,0,0,0
2026020004,2026-09-29,8478444,B. Boeser,VAN,EDM,A,F,891,0,1,1,1,0,0,-1,0,0,1,0.0,6,0.27,1,0,0,0,3,1,0,0,1,1,0,2,0,30.0,17.0,0.47,59.3,38.1
2026020004,2026-09-29,8475848,B. Gallagher,VAN,EDM,A,F,654,0,0,0,1,1,0,0,0,0,0,0,6,0.02,1,0,0,1,1,1,0,0,0,0,0,0,0,0,0,0.1,45.0,25.0
2026020004,2026-09-29,8483395,A. Bains,VAN,EDM,A,F,652,0,0,0,0,0,2,1,0,0,1,0.0,6,0.03,0,0,2,0,1,0,0,0,0,0,0,1,0,0,0,-0.05,33.3,15.1
2026020004,2026-09-29,8482055,D. O'Connor,VAN,EDM,A,F,1060,0,1,1,3,2,2,-1,0,1,0,100.0,6,0.31,3,0,2,2,4,2,1,0,0,1,0,0,0,50.0,82.0,1.07,35.9,16.4
2026020004,2026-09-29,8482079,M. Rossi,VAN,EDM,A,F,901,1,0,1,1,0,0,-1,0,3,6,33.3,6,0.13,1,1,0,0,0,1,0,0,0,1,0,0,0,0,0,0.82,53.1,42.6
2026020004,2026-09-29,8480012,E. Pettersson,VAN,EDM,A,F,1163,1,0,1,1,0,2,0,0,12,12,50.0,6,0.22,1,1,2,0,2,1,0,0,0,0,0,3,0,0,0,0.47,33.3,12.7
2026020004,2026-09-29,8481032,P. Cotter,VAN,EDM,A,F,711,2,0,2,3,2,0,2,0,3,5,37.5,6,0.34,3,2,0,2,3,2,1,0,0,0,0,0,1,0,0,1.88,45.8,38.0
2026020004,2026-09-29,8484136,M. Sasson,VAN,EDM,A,F,997,1,1,2,2,0,2,1,2,4,10,28.6,6,0.23,2,1,2,0,4,2,0,0,0,0,0,1,1,0,0,1.65,39.0,31.2
2026020004,2026-09-29,8478498,J. DeBrusk,VAN,EDM,A,F,935,0,1,1,0,0,0,1,0,0,0,0,6,0.04,0,0,0,0,2,0,0,0,0,0,0,0,1,0,0,0.8,34.5,12.8
2026020004,2026-09-29,8483476,J. Lekkerimäki,VAN,EDM,A,F,756,1,0,1,1,0,0,1,0,0,0,0,6,0.04,1,1,0,0,0,1,0,0,0,0,0,1,1,0,0,0.77,34.6,13.9
2026020004,2026-09-29,8483499,L. Ohgren,VAN,EDM,A,F,1049,0,1,1,1,1,1,-1,0,0,0,0,6,0.13,1,0,1,1,4,1,0,0,0,1,0,2,0,0,0,0.55,44.7,26.8
2026020004,2026-09-29,8481024,L. Karlsson,VAN,EDM,A,F,817,0,1,1,2,0,0,-1,2,1,1,50.0,6,0.13,2,0,0,0,4,2,0,0,0,0,0,0,0,0,0,0.85,36.7,14.7
2026020004,2026-09-29,8474568,L. Schenn,VAN,EDM,A,D,865,0,0,0,2,1,0,1,0,0,0,0,6,0.05,2,0,0,1,3,2,0,0,0,0,0,0,0,0,0,0.17,53.6,21.0
2026020004,2026-09-29,8476467,J. Oleksiak,VAN,EDM,A,D,1418,0,1,1,0,3,2,-3,0,0,0,0,6,0.0,0,0,2,3,0,0,0,0,0,0,0,2,1,0,0,0.68,20.4,4.9
2026020004,2026-09-29,8484240,T. Willander,VAN,EDM,A,D,1240,0,0,0,0,0,1,-1,2,0,0,0,6,0.08,0,0,1,0,2,0,0,0,0,0,0,0,0,2.0,35.0,0.05,26.8,19.3
2026020004,2026-09-29,8484798,Z. Buium,VAN,EDM,A,D,1366,0,0,0,1,0,1,2,0,0,0,0,6,0.06,1,0,1,0,1,1,0,0,0,0,0,2,0,0,0,-0.17,44.4,27.6
2026020004,2026-09-29,8479425,F. Hronek,VAN,EDM,A,D,1508,0,2,2,2,0,3,2,0,0,0,0,6,0.04,2,0,3,0,2,2,0,0,0,0,0,0,0,0,0,1.7,39.6,26.8
2026020004,2026-09-29,8483678,E. Pettersson,VAN,EDM,A,D,961,0,0,0,2,3,5,0,2,0,0,0,6,0.07,2,0,5,3,4,2,0,0,0,0,0,1,0,0,0,0.33,48.3,20.4
2026020004,2026-09-29,8482447,L. Meriläinen,VAN,EDM,A,G,0,0,0,0,0,0,0,0,0,0,0,0,6,0,0,0,0,0,0,0,0,0,0,0,0,0,0,0,0,0,0,0
2026020004,2026-09-29,8480947,K. Lankinen,VAN,EDM,A,G,3703,0,0,0,0,0,0,0,0,0,0,0,6,0,0,0,0,0,0,0,0,0,0,0,0,0,0,0,0,0,0,0
2026020005,2026-09-29,8478403,J. Eichel,VGK,CHI,H,F,1080,1,2,3,2,1,0,1,0,6,7,46.2,5,0.24,2,1,0,1,4,2,0,0,2,3,1,2,0,9.0,4.0,2.02,62.2,55.7
2026020005,2026-09-29,8483553,M. Gatcomb,VGK,CHI,H,F,631,0,1,1,3,8,0,1,2,0,0,0,5,0.14,3,0,0,8,3,3,0,0,0,1,0,0,0,3.0,21.0,1.12,45.8,23.5
2026020005,2026-09-29,8479353,B. Howden,VGK,CHI,H,F,1036,0,0,0,3,2,0,1,0,0,0,0,5,0.33,3,3,0,2,4,3,0,0,0,2,0,0,0,0,0,0.27,59.4,68.6
2026020005,2026-09-29,8484803,T. Connelly,VGK,CHI,H,F,682,1,0,1,4,1,0,-1,0,0,0,0,5,0.58,4,1,0,1,4,4,0,0,0,1,0,1,0,5.0,7.0,0.92,64.3,48.8
2026020005,2026-09-29,8475343,N. Dowd,VGK,CHI,H,F,757,0,1,1,0,2,0,0,0,8,7,53.3,5,0.0,0,0,0,2,0,0,0,0,0,0,0,1,0,0,0,0.6,51.9,23.7
2026020005,2026-09-29,8483890,B. Bowman,VGK,CHI,H,F,658,0,0,0,1,0,1,-1,0,0,0,0,5,0.3,1,0,1,0,2,1,0,0,0,0,0,0,0,0,0,0.12,55.0,26.5
2026020005,2026-09-29,8476881,T. Hertl,VGK,CHI,H,F,945,0,0,0,4,2,0,1,0,6,6,50.0,5,0.53,4,1,0,2,6,4,0,0,0,0,0,1,0,18.5,22.75,0.2,61.8,54.4
2026020005,2026-09-29,8477964,I. Barbashev,VGK,CHI,H,F,867,0,2,2,1,2,0,2,0,0,0,0,5,0.15,1,0,0,2,4,1,0,0,2,0,1,0,1,24.0,58.0,1.62,56.2,34.4
2026020005,2026-09-29,8475913,M. Stone,VGK,CHI,H,F,1031,1,0,1,1,2,0,2,0,0,0,0,5,0.08,1,1,0,2,2,1,0,0,1,1,1,0,0,27.0,57.0,0.88,62.2,48.5
2026020005,2026-09-29,8476448,W. Karlsson,VGK,CHI,H,F,1046,0,0,0,1,0,0,0,0,12,5,70.6,5,0.2,1,0,0,0,5,1,0,0,0,0,0,0,0,25.0,13.0,0.07,59.3,81.3
2026020005,2026-09-29,8478483,M. Marner,VGK,CHI,H,F,1281,0,0,0,4,0,0,0,0,0,0,0,5,0.29,4,1,0,0,7,4,0,0,0,3,0,3,1,0,0,-0.05,58.1,72.1
2026020005,2026-09-29,8478109,V. Olofsson,VGK,CHI,H,F,837,1,0,1,2,0,0,0,0,1,0,100.0,5,0.08,2,1,0,0,1,2,0,0,0,0,0,1,0,0,9.0,0.75,65.6,57.9
2026020005,2026-09-29,8475188,B. McNabb,VGK,CHI,H,D,1125,0,2,2,1,0,0,2,0,0,0,0,5,0.13,1,0,0,0,4,1,0,0,2,3,0,2,1,38.0,27.0,1.27,65.7,60.7
2026020005,2026-09-29,8478397,R. Andersson,VGK,CHI,H,D,1126,0,0,0,2,0,1,-1,0,0,0,0,5,0.06,2,0,1,0,3,2,0,0,0,1,0,2,0,0,0,-0.1,51.5,40.3
2026020005,2026-09-29,8478468,J. Lauzon,VGK,CHI,H,D,1040,0,0,0,3,2,3,1,0,0,0,0,5,0.13,3,0,3,2,4,3,0,0,0,2,0,2,0,5.0,33.0,0.12,52.5,46.9
2026020005,2026-09-29,8478396,N. Hanifin,VGK,CHI,H,D,1131,1,0,1,3,0,2,1,0,0,0,0,5,0.13,3,1,2,0,3,3,0,0,0,2,0,0,0,0,0,1.07,53.5,47.8
2026020005,2026-09-29,8477447,S. Theodore,VGK,CHI,H,D,1282,0,2,2,1,0,1,2,0,0,0,0,5,0.13,1,0,1,0,3,1,0,0,0,0,0,1,1,0,0,1.48,66.7,59.7
2026020005,2026-09-29,8478450,P. Wotherspoon,VGK,CHI,H,D,1208,0,0,0,1,1,0,-1,2,0,0,0,5,0.03,1,0,0,1,1,1,0,0,0,1,0,5,1,0,0,-0.55,51.4,40.4
2026020005,2026-09-29,8478499,A. Hill,VGK,CHI,H,G,0,0,0,0,0,0,0,0,0,0,0,0,5,0,0,0,0,0,0,0,0,0,0,0,0,0,0,0,0,0,0,0
2026020005,2026-09-29,8479394,C. Hart,VGK,CHI,H,G,3597,0,0,0,0,0,0,0,0,0,0,0,5,0,0,0,0,0,0,0,0,0,0,0,0,0,0,0,0,0,0,0
2026020005,2026-09-29,8477987,R. Donato,CHI,VGK,A,F,770,0,0,0,2,0,0,-2,0,1,0,100.0,2,0.11,2,0,0,0,4,2,0,0,1,1,0,0,0,0,0,0.15,33.3,37.0
2026020005,2026-09-29,8484197,O. Moore,CHI,VGK,A,F,837,0,0,0,2,0,0,0,0,1,0,100.0,2,0.15,2,0,0,0,3,2,0,0,0,0,0,0,0,1.0,19.0,0.15,41.9,50.5
2026020005,2026-09-29,8478413,J. Greenway,CHI,VGK,A,F,848,1,0,1,5,3,0,1,0,0,1,0.0,2,0.42,5,3,0,3,6,4,0,1,0,3,0,0,0,4.5,12.0,1.2,56.0,49.6
2026020005,2026-09-29,8485391,A. Frondell,CHI,VGK,A,F,1060,0,0,0,1,1,0,-2,0,3,3,50.0,2,0.15,1,0,0,1,3,1,0,0,0,0,0,0,0,0,0,0.1,28.2,56.4
2026020005,2026-09-29,8483450,R. Greene,CHI,VGK,A,F,883,0,1,1,1,0,0,1,0,7,10,41.2,2,0.13,1,0,0,0,2,1,0,0,0,1,0,2,0,0,0,0.47,46.4,42.7
2026020005,2026-09-29,8482062,C. Smith,CHI,VGK,A,F,916,0,0,0,1,1,0,1,0,0,0,0,2,0.03,1,0,0,1,2,0,0,1,0,0,0,0,0,0,0,0.1,42.9,44.8
2026020005,2026-09-29,8478233,A. Mangiapane,CHI,VGK,A,F,323,0,0,0,1,1,0,0,2,0,0,0,2,0.17,1,1,0,1,2,1,0,0,0,0,0,1,0,51.0,4.0,-0.05,37.5,80.6
2026020005,2026-09-29,8477479,T. Bertuzzi,CHI,VGK,A,F,1011,0,0,0,0,1,0,-1,0,0,0,0,2,0.26,0,0,0,1,2,0,0,0,0,0,0,1,0,0,0,-0.12,58.6,83.7
2026020005,2026-09-29,8484185,N. Lardis,CHI,VGK,A,F,704,0,0,0,2,0,1,-2,0,0,0,0,2,0.05,2,0,1,0,2,2,0,0,0,1,0,0,0,53.0,13.0,0.2,26.1,15.0
2026020005,2026-09-29,8484390,R. Kantserov,CHI,VGK,A,F,1027,0,0,0,1,3,0,-1,0,5,10,33.3,2,0.17,1,0,0,3,3,1,0,0,0,1,0,0,1,0,0,0.25,40.7,37.4
2026020005,2026-09-29,8474141,P. Kane,CHI,VGK,A,F,1296,1,0,1,4,2,0,-1,0,0,0,0,2,0.4,4,1,0,2,8,3,1,0,0,1,0,0,0,0,0,1.1,50.0,59.2
2026020005,2026-09-29,8483493,F. Nazar,CHI,VGK,A,F,1081,0,0,0,3,0,0,-2,0,8,9,47.1,2,0.32,3,0,0,0,3,3,0,0,0,0,0,1,1,9.5,16.5,0.17,48.6,48.0
2026020005,2026-09-29,8483506,S. Rinzel,CHI,VGK,A,D,1096,0,0,0,2,1,2,-1,0,0,0,0,2,0.08,2,0,2,1,4,2,0,0,0,1,0,0,0,10.0,47.0,0.28,47.4,59.7
2026020005,2026-09-29,8481524,B. Byram,CHI,VGK,A,D,1508,0,0,0,0,0,2,-2,0,0,0,0,2,0.05,0,0,2,0,1,0,0,0,0,0,0,1,1,0,0,0.05,47.5,54.8
2026020005,2026-09-29,8474013,I. Cole,CHI,VGK,A,D,760,0,0,0,0,0,1,0,2,0,0,0,2,0.0,0,0,1,0,0,0,0,0,0,0,0,1,0,0,0,-0.1,30.4,27.5
2026020005,2026-09-29,8482176,W. Kaiser,CHI,VGK,A,D,1237,0,1,1,0,0,2,1,0,0,0,0,2,0.0,0,0,2,0,0,0,0,0,0,0,0,1,0,0,0,0.65,43.1,53.7
2026020005,2026-09-29,8484783,A. Levshunov,CHI,VGK,A,D,1154,0,0,0,1,1,1,0,0,0,0,0,2,0.05,1,0,1,1,2,1,0,0,0,0,0,4,2,0,0,-0.25,43.8,49.5
2026020005,2026-09-29,8481568,A. Vlasic,CHI,VGK,A,D,1201,0,0,0,0,0,1,-1,0,0,0,0,2,0.0,0,0,1,0,0,0,0,0,0,0,0,0,0,0,0,0.05,32.1,49.0
2026020005,2026-09-29,8481519,S. Knight,CHI,VGK,A,G,3587,0,0,0,0,0,0,0,0,0,0,0,2,0,0,0,0,0,0,0,0,0,0,0,0,0,0,0,0,0,0,0
2026020005,2026-09-29,8482821,A. Soderblom,CHI,VGK,A,G,0,0,0,0,0,0,0,0,0,0,0,0,2,0,0,0,0,0,0,0,0,0,0,0,0,0,0,0,0,0,0,0
2026020006,2026-09-30,8478439,T. Konecny,PHI,PIT,H,F,887,0,0,0,2,3,0,-1,2,1,1,50.0,0,0.28,2,0,0,3,3,1,1,0,0,0,0,1,0,0,0,0.08,46.9,18.2
2026020006,2026-09-30,8476461,S. Couturier,PHI,PIT,H,F,904,0,0,0,0,1,0,-1,0,3,1,75.0,0,0.0,0,0,0,1,0,0,0,0,0,0,0,0,0,0,0,0.03,29.6,7.0
2026020006,2026-09-30,8483731,A. Bump,PHI,PIT,H,F,879,0,0,0,1,2,0,0,0,0,0,0,0,0.06,1,0,0,2,2,1,0,0,0,0,1,1,2,0,0,0.18,62.5,22.4
2026020006,2026-09-30,8477989,C. Dvorak,PHI,PIT,H,F,898,0,0,0,2,2,1,-1,0,10,5,66.7,0,0.26,2,0,1,2,4,2,0,0,0,1,0,2,0,0,0,-0.05,48.4,15.8
2026020006,2026-09-30,8480220,N. Cates,PHI,PIT,H,F,857,0,0,0,1,0,0,-1,0,5,4,55.6,0,0.04,1,0,0,0,2,0,1,0,0,0,0,1,1,0,0,0.02,50.0,18.3
2026020006,2026-09-30,8484387,M. Michkov,PHI,PIT,H,F,947,0,0,0,1,0,0,-1,0,0,0,0,0,0.22,1,1,0,0,6,1,0,0,0,1,0,1,0,13.5,25.0,-0.07,54.8,36.1
2026020006,2026-09-30,8481533,T. Zegras,PHI,PIT,H,F,985,0,0,0,1,0,0,-2,0,6,8,42.9,0,0.09,1,0,0,0,2,1,0,0,0,0,0,1,0,0,0,-0.07,37.1,32.1
2026020006,2026-09-30,8478569,N. Acciari,PHI,PIT,H,F,920,0,0,0,1,3,1,-3,0,11,3,78.6,0,0.3,1,0,1,3,4,1,0,0,0,2,0,2,0,14.0,11.0,-0.1,45.5,19.4
2026020006,2026-09-30,8482159,T. Foerster,PHI,PIT,H,F,1028,0,0,0,1,1,0,-2,0,0,0,0,0,0.06,1,0,0,1,2,1,0,0,0,1,0,0,0,0,0,0.1,47.1,32.3
2026020006,2026-09-30,8480015,O. Tippett,PHI,PIT,H,F,851,0,0,0,4,6,0,-1,0,0,0,0,0,0.21,4,0,0,6,8,4,0,0,0,2,0,0,0,0,0,0.45,43.3,16.7
2026020006,2026-09-30,8479336,C. Grundstrom,PHI,PIT,H,F,721,0,0,0,1,4,1,-2,0,0,0,0,0,0.12,1,0,1,4,3,1,0,0,0,1,0,1,0,0,0,0.08,32.1,10.8
2026020006,2026-09-30,8485406,P. Martone,PHI,PIT,H,F,845,0,0,0,0,0,0,-1,2,0,0,0,0,0.0,0,0,0,0,0,0,0,0,0,0,0,4,0,0,0,-0.6,33.3,34.9
2026020006,2026-09-30,8477948,T. Sanheim,PHI,PIT,H,D,1215,0,0,0,3,0,0,-2,0,0,0,0,0,0.13,3,0,0,0,5,3,0,0,0,2,0,4,1,26.33,26.67,-0.28,32.0,9.4
2026020006,2026-09-30,8481546,C. York,PHI,PIT,H,D,1268,0,0,0,1,0,1,-2,0,0,0,0,0,0.07,1,0,1,0,2,1,0,0,0,0,0,2,0,15.0,22.0,-0.17,42.1,7.1
2026020006,2026-09-30,8482142,J. Drysdale,PHI,PIT,H,D,1041,0,0,0,0,1,1,-3,2,0,0,0,0,0.1,0,0,1,1,1,0,0,0,0,0,0,0,0,0,0,0.08,35.1,25.4
2026020006,2026-09-30,8476372,N. Seeler,PHI,PIT,H,D,1194,0,0,0,0,2,1,0,2,0,0,0,0,0.06,0,0,1,2,3,0,0,0,0,1,0,0,0,0,12.0,0.1,44.0,30.0
2026020006,2026-09-30,8481122,S. Benoit,PHI,PIT,H,D,1109,0,0,0,0,2,0,-1,2,0,0,0,0,0.0,0,0,0,2,0,0,0,0,0,0,0,1,0,0,0,-0.1,41.7,23.3
2026020006,2026-09-30,8477499,R. Ristolainen,PHI,PIT,H,D,1060,0,0,0,0,1,2,-1,0,0,0,0,0,0.03,0,0,2,1,2,0,0,0,0,0,0,0,1,0,0,0.23,37.2,11.5
2026020006,2026-09-30,8479361,J. Woll,PHI,PIT,H,G,0,0,0,0,0,0,0,0,0,0,0,0,0,0,0,0,0,0,0,0,0,0,0,0,0,0,0,0,0,0,0,0
2026020006,2026-09-30,8478435,D. Vladar,PHI,PIT,H,G,3581,0,0,0,0,0,0,0,0,0,0,0,0,0,0,0,0,0,0,0,0,0,0,0,0,0,0,0,0,0,0,0
2026020006,2026-09-30,8480842,F. Hallander,PIT,PHI,A,F,655,1,2,3,3,1,0,4,0,0,0,0,7,0.56,3,1,0,1,3,3,0,0,0,0,0,0,0,26.0,35.0,2.4,65.2,89.1
2026020006,2026-09-30,8481582,N. Robertson,PIT,PHI,A,F,902,2,0,2,4,0,1,2,2,0,0,0,7,0.36,4,2,1,0,2,4,0,0,1,1,0,0,0,8.5,8.0,1.85,63.6,84.1
2026020006,2026-09-30,8478438,T. Novak,PIT,PHI,A,F,964,0,1,1,0,0,1,0,0,2,11,15.4,7,0.0,0,0,1,0,0,0,0,0,0,0,0,1,0,0,0,0.6,63.0,92.2
2026020006,2026-09-30,8480980,C. Dewar,PIT,PHI,A,F,891,0,0,0,0,4,1,0,2,0,1,0.0,7,0.06,0,0,1,4,1,0,0,0,0,1,0,0,0,0,0,0.15,40.9,48.6
2026020006,2026-09-30,8482148,H. Lapierre,PIT,PHI,A,F,782,1,1,2,1,4,0,3,0,2,4,33.3,7,0.12,1,1,0,4,2,1,0,0,0,0,0,1,0,0,0,1.48,82.1,91.1
2026020006,2026-09-30,8481725,E. Soderblom,PIT,PHI,A,F,759,0,0,0,0,2,0,0,0,0,0,0,7,0.04,0,0,0,2,1,0,0,0,0,0,0,0,1,0,0,0.15,27.8,76.9
2026020006,2026-09-30,8482758,V. Koivunen,PIT,PHI,A,F,830,1,0,1,2,0,0,3,0,0,0,0,7,0.3,2,2,0,0,2,2,0,0,0,0,0,0,0,0,0,0.9,75.0,89.3
2026020006,2026-09-30,8481481,B. Lizotte,PIT,PHI,A,F,793,0,0,0,4,0,1,0,0,8,8,50.0,7,0.41,4,2,1,0,5,4,0,0,0,1,0,2,0,31.5,44.5,0.05,42.9,60.6
2026020006,2026-09-30,8482475,E. Chinakhov,PIT,PHI,A,F,1018,1,0,1,3,1,0,0,0,0,0,0,7,0.33,3,1,0,1,4,3,0,0,0,0,0,1,0,10.0,5.0,0.85,65.6,91.0
2026020006,2026-09-30,8476483,R. Rakell,PIT,PHI,A,F,1112,0,1,1,2,3,0,1,0,1,1,50.0,7,0.44,2,0,0,3,5,2,0,0,0,1,0,0,0,34.5,27.5,0.93,66.7,82.0
2026020006,2026-09-30,8471215,E. Malkin,PIT,PHI,A,F,947,1,0,1,2,0,0,0,0,0,0,0,7,0.16,2,1,0,0,3,2,0,0,0,0,0,0,0,0,0,0.9,65.7,93.4
2026020006,2026-09-30,8471675,S. Crosby,PIT,PHI,A,F,1059,0,1,1,3,2,0,1,0,9,11,45.0,7,0.35,3,1,0,2,6,2,0,1,0,2,0,0,0,0,0,0.97,68.8,85.9
2026020006,2026-09-30,8481527,K. Korczak,PIT,PHI,A,D,1111,0,2,2,3,1,2,3,0,0,0,0,7,0.34,3,1,2,1,4,3,0,0,0,0,0,0,0,9.0,53.0,1.75,57.1,91.1
2026020006,2026-09-30,8479398,S. Girard,PIT,PHI,A,D,1262,0,2,2,2,1,0,3,0,0,0,0,7,0.19,2,0,0,1,4,2,0,0,0,1,0,0,1,0,0,1.67,57.5,75.9
2026020006,2026-09-30,8477845,T. van Riemsdyk,PIT,PHI,A,D,1242,0,0,0,0,1,4,1,0,0,0,0,7,0.0,0,0,4,1,0,0,0,0,0,0,0,1,0,0,0,0.08,52.4,56.5
2026020006,2026-09-30,8471724,K. Letang,PIT,PHI,A,D,1124,0,1,1,4,2,0,1,0,0,0,0,7,0.19,4,0,0,2,6,4,0,0,0,1,0,2,1,14.0,41.0,0.85,67.7,84.3
2026020006,2026-09-30,8474578,E. Karlsson,PIT,PHI,A,D,1199,0,1,1,3,0,1,1,0,0,0,0,7,0.16,3,0,1,0,4,3,0,0,0,0,0,3,0,8.0,1.0,0.53,61.1,84.8
2026020006,2026-09-30,8483398,D. Carlile,PIT,PHI,A,D,990,0,1,1,2,1,0,1,4,0,0,0,7,0.18,2,0,0,1,4,2,0,0,0,0,0,0,0,0,0,0.88,54.1,86.3
2026020006,2026-09-30,8483703,S. Murashov,PIT,PHI,A,G,0,0,0,0,0,0,0,0,0,0,0,0,7,0,0,0,0,0,0,0,0,0,0,0,0,0,0,0,0,0,0,0
2026020006,2026-09-30,8481668,A. Silovs,PIT,PHI,A,G,3600,0,0,0,0,0,0,0,0,0,0,0,7,0,0,0,0,0,0,0,0,0,0,0,0,0,0,0,0,0,0,0
2026020008,2026-09-30,8476925,C. Sissons,TOR,NYI,H,F,682,1,0,1,2,2,2,1,0,7,5,58.3,2,0.47,2,2,2,2,5,2,0,0,0,0,0,1,0,16.0,20.0,0.9,41.4,30.9
2026020008,2026-09-30,8477426,N. Paul,TOR,NYI,H,F,943,0,1,1,1,1,0,1,2,4,2,66.7,2,0.2,1,0,0,1,2,1,0,0,0,1,0,0,0,15.5,19.0,0.8,57.6,31.2
2026020008,2026-09-30,8479520,B. Duhaime,TOR,NYI,H,F,879,0,0,0,2,1,3,0,0,0,0,0,2,0.08,2,0,3,1,3,2,0,0,0,1,0,3,0,0,0,-0.12,24.2,26.2
2026020008,2026-09-30,8480870,B. Groulx,TOR,NYI,H,F,589,0,0,0,1,3,0,0,0,1,1,50.0,2,0.05,1,0,0,3,2,1,0,0,0,0,0,0,0,0,0,0.15,36.4,53.6
2026020008,2026-09-30,8479318,A. Matthews,TOR,NYI,H,F,1204,0,0,0,1,1,1,-1,0,8,5,61.5,2,0.14,1,1,1,1,2,1,0,0,0,0,0,0,0,22.0,20.0,0.15,63.6,72.4
2026020008,2026-09-30,8484158,E. Cowan,TOR,NYI,H,F,803,1,1,2,3,2,0,1,0,0,0,0,2,0.18,3,1,0,2,2,3,0,0,0,0,0,3,0,22.0,20.0,1.27,63.3,43.0
2026020008,2026-09-30,8476927,T. Blueger,TOR,NYI,H,F,752,0,0,0,0,2,1,0,0,3,2,60.0,2,0.12,0,0,1,2,1,0,0,0,0,0,0,1,0,0,0,-0.05,16.7,11.9
2026020008,2026-09-30,8480893,K. Marchenko,TOR,NYI,H,F,1096,0,0,0,3,4,0,-1,2,0,0,0,2,0.38,3,0,0,4,4,3,0,0,0,0,0,1,0,0,0,0.17,62.5,58.6
2026020008,2026-09-30,8477939,W. Nylander,TOR,NYI,H,F,1049,0,0,0,1,0,1,-1,0,0,0,0,2,0.26,1,1,1,0,4,1,0,0,0,1,0,1,0,10.0,11.0,-0.02,34.3,31.0
2026020008,2026-09-30,8475166,J. Tavares,TOR,NYI,H,F,1018,0,0,0,1,0,1,-1,2,3,5,37.5,2,0.07,1,1,1,0,1,1,0,0,0,0,0,0,1,0,0,0.23,34.2,28.2
2026020008,2026-09-30,8486067,G. McKenna,TOR,NYI,H,F,932,0,0,0,1,0,0,0,0,0,0,0,2,0.04,1,0,0,0,1,1,0,0,0,0,0,1,1,0,0,0.02,39.4,27.4
2026020008,2026-09-30,8478458,J. Roslovic,TOR,NYI,H,F,893,0,1,1,2,1,1,0,0,4,0,100.0,2,0.35,2,0,1,1,6,2,0,0,0,0,0,0,0,13.0,33.0,0.93,77.3,73.0
2026020008,2026-09-30,8475690,C. Tanev,TOR,NYI,H,D,1239,0,0,0,0,0,3,0,0,0,0,0,2,0.0,0,0,3,0,0,0,0,0,0,0,0,1,1,0,0,0.1,22.2,21.4
2026020008,2026-09-30,8476931,J. McCabe,TOR,NYI,H,D,1219,0,0,0,1,0,5,0,2,0,0,0,2,0.1,1,0,5,0,3,1,0,0,0,0,0,1,0,22.0,32.0,0.18,27.9,22.9
2026020008,2026-09-30,8479442,T. Stecher,TOR,NYI,H,D,965,0,0,0,0,1,0,1,0,0,0,0,2,0.0,0,0,0,1,0,0,0,0,0,0,0,0,0,0,0,0.03,42.3,38.3
2026020008,2026-09-30,8478178,D. Raddysh,TOR,NYI,H,D,1236,0,0,0,4,0,1,-1,0,0,0,0,2,0.25,4,0,1,0,6,4,0,0,0,0,0,1,0,0,0,0.2,52.5,59.1
2026020008,2026-09-30,8476853,M. Rielly,TOR,NYI,H,D,1189,0,1,1,1,0,1,0,0,0,0,0,2,0.06,1,0,1,0,1,1,0,0,0,0,0,1,1,0,0,0.77,52.6,62.8
2026020008,2026-09-30,8475171,O. Ekman-Larsson,TOR,NYI,H,D,930,0,0,0,2,1,1,1,0,0,0,0,2,0.09,2,0,1,1,3,2,0,0,1,1,0,0,0,0,0,0.23,46.9,37.2
2026020008,2026-09-30,8476932,A. Stolarz,TOR,NYI,H,G,3502,0,0,0,0,0,0,0,0,0,0,0,2,0,0,0,0,0,0,0,0,0,0,0,0,0,0,0,0,0,0,0
2026020008,2026-09-30,8475683,S. Bobrovsky,TOR,NYI,H,G,0,0,0,0,0,0,0,0,0,0,0,0,2,0,0,0,0,0,0,0,0,0,0,0,0,0,0,0,0,0,0,0
2026020008,2026-09-30,8475170,B. Schenn,NYI,TOR,A,F,867,0,0,0,1,3,0,0,2,1,2,33.3,1,0.24,1,0,0,3,4,1,0,0,0,1,0,0,0,40.0,45.0,0.15,59.3,45.1
2026020008,2026-09-30,8477407,A. Duclair,NYI,TOR,A,F,737,0,0,0,4,0,1,0,0,0,0,0,1,0.29,4,2,1,0,4,4,0,0,0,1,0,0,0,0,0,0.35,60.9,80.4
2026020008,2026-09-30,8477500,B. Horvat,NYI,TOR,A,F,1351,0,1,1,4,1,0,1,0,6,9,40.0,1,0.42,4,0,0,1,9,3,1,0,1,1,0,3,0,14.0,21.0,0.57,70.6,69.7
2026020008,2026-09-30,8475151,K. Palmieri,NYI,TOR,A,F,1115,0,0,0,4,1,1,0,0,0,0,0,1,0.5,4,1,1,1,10,4,0,0,2,4,0,0,0,20.6,20.6,0.38,76.1,64.7
2026020008,2026-09-30,8485388,V. Eklund,NYI,TOR,A,F,718,0,0,0,2,1,0,-1,2,0,2,0.0,1,0.32,2,0,0,1,4,2,0,0,0,2,0,0,0,0,0,0.17,55.6,74.4
2026020008,2026-09-30,8476419,J. Pageau,NYI,TOR,A,F,830,0,0,0,1,2,0,-1,0,7,6,53.8,1,0.01,1,0,0,2,1,0,1,0,0,0,0,0,0,0,0,0.12,37.5,56.1
2026020008,2026-09-30,8482476,E. Heineman,NYI,TOR,A,F,806,1,0,1,1,3,0,0,0,0,1,0.0,1,0.33,1,1,0,3,2,1,0,0,0,1,0,0,1,5.0,20.0,1.0,52.2,78.3
2026020008,2026-09-30,8475231,C. Cizikas,NYI,TOR,A,F,569,0,0,0,0,2,0,0,0,4,5,44.4,1,0.0,0,0,0,2,1,0,0,0,0,0,0,0,0,0,0,0.05,54.5,49.3
2026020008,2026-09-30,8481711,M. Maccelli,NYI,TOR,A,F,1059,0,0,0,1,1,0,0,2,0,0,0,1,0.14,1,1,0,1,2,1,0,0,0,0,0,1,1,21.0,10.0,0.05,75.0,75.2
2026020008,2026-09-30,8484221,C. Ritchie,NYI,TOR,A,F,963,0,0,0,2,2,1,0,0,2,4,33.3,1,0.1,2,0,1,2,4,1,1,0,0,3,0,0,0,0,0,0.25,58.3,61.6
2026020008,2026-09-30,8476292,O. Palat,NYI,TOR,A,F,606,0,0,0,2,1,0,0,0,0,1,0.0,1,0.2,2,0,0,1,3,2,0,0,0,2,0,0,1,0,0,0.28,50.0,46.0
2026020008,2026-09-30,8481601,S. Holmstrom,NYI,TOR,A,F,1217,0,0,0,0,0,0,0,0,0,0,0,1,0.15,0,0,0,0,4,0,0,0,0,0,0,1,0,9.0,7.0,-0.15,62.5,67.5
2026020008,2026-09-30,8476917,A. Pelech,NYI,TOR,A,D,1191,0,0,0,0,1,1,0,0,0,0,0,1,0.1,0,0,1,1,4,0,0,0,0,1,0,1,0,39.0,3.0,-0.07,58.8,76.7
2026020008,2026-09-30,8477506,R. Pulock,NYI,TOR,A,D,987,0,0,0,0,1,2,0,0,0,0,0,1,0.04,0,0,2,1,1,0,0,0,0,0,0,0,0,0,0,0.12,26.7,10.0
2026020008,2026-09-30,8479378,L. Stanley,NYI,TOR,A,D,906,0,0,0,0,3,1,0,0,0,0,0,1,0.03,0,0,1,3,2,0,0,0,0,0,0,0,0,0,0,0.12,47.1,41.1
2026020008,2026-09-30,8481014,A. Romanov,NYI,TOR,A,D,1029,0,0,0,2,2,2,1,0,0,0,0,1,0.09,2,0,2,2,2,2,0,0,0,0,0,3,1,1.0,4.0,-0.05,32.4,26.1
2026020008,2026-09-30,8485366,M. Schaefer,NYI,TOR,A,D,1665,0,0,0,3,0,1,0,2,0,0,0,1,0.21,3,0,1,0,8,3,0,0,1,2,0,2,0,0,0,-0.03,78.6,80.6
2026020008,2026-09-30,8477950,T. DeAngelo,NYI,TOR,A,D,1034,0,0,0,0,0,1,-1,0,0,0,0,1,0.09,0,0,1,0,3,0,0,0,0,1,0,0,0,0,0,0.05,66.7,74.7
2026020008,2026-09-30,8478009,I. Sorokin,NYI,TOR,A,G,3476,0,0,0,0,0,0,0,0,0,0,0,1,0,0,0,0,0,0,0,0,0,0,0,0,0,0,0,0,0,0,0
2026020008,2026-09-30,8473575,S. Varlamov,NYI,TOR,A,G,0,0,0,0,0,0,0,0,0,0,0,0,1,0,0,0,0,0,0,0,0,0,0,0,0,0,0,0,0,0,0,0
2026020007,2026-09-30,8482768,F. Svechkov,COL,LAK,H,F,928,0,0,0,0,1,1,0,0,1,6,14.3,8,0.15,0,0,1,1,3,0,0,0,0,0,0,0,0,35.0,24.0,0.08,42.1,25.4
2026020007,2026-09-30,8478462,N. Roy,COL,LAK,H,F,732,1,0,1,2,2,1,1,0,2,4,33.3,8,0.26,2,1,1,2,2,2,0,0,2,1,0,1,1,3.5,12.5,0.95,57.7,86.2
2026020007,2026-09-30,8475754,B. Nelson,COL,LAK,H,F,1154,1,2,3,1,0,0,0,0,3,11,21.4,8,0.13,1,1,0,0,1,1,0,0,0,0,0,0,0,0,0,2.23,37.8,47.8
2026020007,2026-09-30,8486171,T. Hughes,COL,LAK,H,F,815,0,0,0,2,2,0,-3,2,3,2,60.0,8,0.21,2,0,0,2,4,2,0,0,1,1,0,0,0,7.5,8.0,0.2,42.3,24.2
2026020007,2026-09-30,8480448,P. Kelly,COL,LAK,H,F,773,1,1,2,1,3,0,2,0,0,2,0.0,8,0.13,1,1,0,3,1,1,0,0,1,0,0,2,0,0,0,1.3,45.7,43.7
2026020007,2026-09-30,8477492,N. MacKinnon,COL,LAK,H,F,1064,2,0,2,8,2,0,-2,5,6,9,40.0,8,0.46,8,3,0,2,8,8,0,0,0,2,0,1,0,0,0,2.0,55.0,55.0
2026020007,2026-09-30,8477476,A. Lehkonen,COL,LAK,H,F,1167,2,0,2,3,2,2,1,0,0,0,0,8,0.41,3,3,2,2,2,3,0,0,0,2,0,1,0,0,0,1.73,50.0,60.1
2026020007,2026-09-30,8475768,J. Schwartz,COL,LAK,H,F,769,0,2,2,1,2,0,-1,2,0,0,0,8,0.12,1,0,0,2,1,1,0,0,2,1,0,1,0,1.0,6.0,1.38,57.1,69.8
2026020007,2026-09-30,8480039,M. Necas,COL,LAK,H,F,1151,0,1,1,4,1,0,-1,0,0,0,0,8,0.28,4,0,0,1,7,4,0,0,0,0,0,1,1,20.0,16.5,0.97,54.8,49.3
2026020007,2026-09-30,8475172,N. Kadri,COL,LAK,H,F,1077,0,2,2,2,1,0,1,0,2,1,66.7,8,0.1,2,0,0,1,3,2,0,0,0,2,0,1,0,0,0,1.42,59.5,66.3
2026020007,2026-09-30,8476455,G. Landeskog,COL,LAK,H,F,1072,1,0,1,1,0,1,-1,0,4,2,66.7,8,0.06,1,1,1,0,0,1,0,0,0,0,0,0,0,12.0,3.0,0.88,50.0,49.7
2026020007,2026-09-30,8478038,D. Toews,COL,LAK,H,D,1204,0,2,2,0,1,0,1,2,0,0,0,8,0.01,0,0,0,1,1,0,0,0,1,1,0,1,0,41.0,29.0,1.27,42.9,43.3
2026020007,2026-09-30,8480069,C. Makar,COL,LAK,H,D,1094,0,2,2,1,0,3,-1,0,0,0,0,8,0.1,1,0,3,0,2,1,0,0,0,1,0,0,0,0,0,1.62,42.9,31.6
2026020007,2026-09-30,8476967,B. Kulak,COL,LAK,H,D,1184,0,0,0,0,0,1,1,0,0,0,0,8,0.06,0,0,1,0,1,0,0,0,0,0,0,0,0,0,0,0.05,47.4,49.2
2026020007,2026-09-30,8476312,J. Manson,COL,LAK,H,D,871,0,1,1,1,1,1,0,0,0,0,0,8,0.03,1,0,1,1,1,1,0,0,0,0,0,1,0,0,0,0.7,25.0,28.9
2026020007,2026-09-30,8478454,N. Juulsen,COL,LAK,H,D,675,0,0,0,0,0,1,1,2,0,0,0,8,0.0,0,0,1,0,0,0,0,0,0,0,0,1,0,0,0,-0.1,52.0,44.7
2026020007,2026-09-30,8484258,S. Malinski,COL,LAK,H,D,867,0,0,0,2,0,3,1,0,0,0,0,8,0.15,2,0,3,0,4,2,0,0,0,0,0,0,1,14.0,39.0,0.4,63.3,54.0
2026020007,2026-09-30,8470613,B. Burns,COL,LAK,H,D,923,0,1,1,0,1,1,0,0,0,0,0,8,0.02,0,0,1,1,1,0,0,0,0,0,0,0,0,0,0,0.78,25.9,38.0
2026020007,2026-09-30,8478406,M. Blackwood,COL,LAK,H,G,3600,0,0,0,0,0,0,0,0,0,0,0,8,0,0,0,0,0,0,0,0,0,0,0,0,0,0,0,0,0,0,0
2026020007,2026-09-30,8475809,S. Wedgewood,COL,LAK,H,G,0,0,0,0,0,0,0,0,0,0,0,0,8,0,0,0,0,0,0,0,0,0,0,0,0,0,0,0,0,0,0,0
2026020007,2026-09-30,8477960,A. Kempe,LAK,COL,A,F,1163,0,0,0,3,2,0,-2,2,0,0,0,4,0.39,3,0,0,2,6,2,1,0,0,2,0,1,0,0,0,0.12,52.4,72.8
2026020007,2026-09-30,8478550,A. Panarin,LAK,COL,A,F,1216,1,0,1,2,0,0,-2,0,0,0,0,4,0.41,2,1,0,0,7,2,0,0,1,3,0,1,0,36.0,30.0,0.75,59.5,77.3
2026020007,2026-09-30,8479675,T. Moore,LAK,COL,A,F,896,1,0,1,2,1,1,0,0,0,0,0,4,0.21,2,2,1,1,3,2,0,0,0,1,0,0,0,0,0,0.98,39.5,31.8
2026020007,2026-09-30,8482155,A. Laferriere,LAK,COL,A,F,931,0,2,2,2,5,1,1,0,0,0,0,4,0.27,2,0,1,5,4,2,0,0,0,2,0,0,0,28.0,28.0,1.72,67.9,72.1
2026020007,2026-09-30,8481532,A. Turcotte,LAK,COL,A,F,935,0,1,1,1,2,0,1,2,10,2,83.3,4,0.12,1,1,0,2,2,1,0,0,0,1,0,0,1,0,0,0.92,65.4,68.8
2026020007,2026-09-30,8476872,S. Laughton,LAK,COL,A,F,907,0,0,0,3,1,1,0,0,8,6,57.1,4,0.12,3,0,1,1,3,3,0,0,0,0,0,1,0,0,0,0.15,38.9,34.8
2026020007,2026-09-30,8475692,M. Zuccarello,LAK,COL,A,F,1079,0,0,0,0,0,0,2,0,0,0,0,4,0.0,0,0,0,0,0,0,0,0,0,0,0,1,0,0,0,-0.15,72.0,80.9
2026020007,2026-09-30,8476469,J. Armia,LAK,COL,A,F,775,1,0,1,2,0,1,1,0,0,0,0,4,0.18,2,1,1,0,2,2,0,0,0,0,0,1,0,22.0,11.0,0.8,59.4,46.1
2026020007,2026-09-30,8481732,A. Lee,LAK,COL,A,F,476,0,0,0,1,1,0,0,2,0,0,0,4,0.33,1,0,0,1,3,1,0,0,1,1,0,0,0,9.5,13.5,0.1,70.6,56.2
2026020007,2026-09-30,8482124,Q. Byfield,LAK,COL,A,F,1139,0,0,0,3,0,2,-2,0,14,2,87.5,4,0.44,3,2,2,0,6,2,0,1,0,0,0,1,4,0,0,0.57,56.4,75.1
2026020007,2026-09-30,8475287,E. Haula,LAK,COL,A,F,926,0,1,1,3,0,0,-1,0,4,7,36.4,4,0.33,3,0,0,0,3,3,0,0,0,1,0,0,0,0,0,0.92,50.0,28.1
2026020007,2026-09-30,8482726,S. Helenius,LAK,COL,A,F,419,0,0,0,1,3,0,0,0,1,4,20.0,4,0.02,1,0,0,3,2,1,0,0,1,0,0,0,0,25.0,8.0,0.15,69.2,53.6
2026020007,2026-09-30,8475208,B. Dumoulin,LAK,COL,A,D,990,1,0,1,2,0,2,-1,0,0,0,0,4,0.15,2,1,2,0,3,2,0,0,0,0,0,1,1,16.0,1.0,0.95,46.2,42.0
2026020007,2026-09-30,8476879,C. Ceci,LAK,COL,A,D,1164,0,1,1,1,0,1,3,0,0,0,0,4,0.11,1,0,1,0,4,1,0,0,0,1,0,0,0,15.0,2.0,0.82,52.3,54.7
2026020007,2026-09-30,8476441,J. Edmundson,LAK,COL,A,D,934,0,0,0,1,1,0,0,2,0,0,0,4,0.02,1,0,0,1,1,1,0,0,0,0,0,1,1,0,0,0.05,39.3,29.4
2026020007,2026-09-30,8474563,D. Doughty,LAK,COL,A,D,1361,0,1,1,1,0,2,-2,2,0,0,0,4,0.14,1,0,2,0,6,1,0,0,0,0,0,1,0,13.0,42.0,0.72,48.8,40.9
2026020007,2026-09-30,8479998,M. Anderson,LAK,COL,A,D,1161,0,1,1,2,1,2,1,0,0,0,0,4,0.08,2,0,2,1,2,2,0,0,0,0,0,0,0,0,0,0.97,48.9,49.7
2026020007,2026-09-30,8482730,B. Clarke,LAK,COL,A,D,1137,0,0,0,1,0,2,0,5,0,0,0,4,0.2,1,0,2,0,3,0,0,1,0,1,0,1,0,31.0,16.0,0.02,67.6,63.5
2026020007,2026-09-30,8476341,A. Forsberg,LAK,COL,A,G,0,0,0,0,0,0,0,0,0,0,0,0,4,0,0,0,0,0,0,0,0,0,0,0,0,0,0,0,0,0,0,0
2026020007,2026-09-30,8475311,D. Kuemper,LAK,COL,A,G,3565,0,0,0,0,0,0,0,0,0,0,0,4,0,0,0,0,0,0,0,0,0,0,0,0,0,0,0,0,0,0,0
